0,Inf,2.7844e-12,-0.020645,-7.336,1.3338
0.04,137.5,2.2852e-11,-0.0084613,-7.5439,0.65637
0.08,68.75,4.7862e-11,-0.0079925,-7.5906,0.62622
0.12,45.833,6.8946e-11,-0.0049112,-7.7704,0.70196
0.16,34.375,8.1044e-11,-0.0057219,-7.7973,0.77912
0.2,27.5,7.7273e-11,-0.0051897,-7.8565,0.8095
0.24,22.917,7.3367e-11,-0.0064889,-7.8611,0.79339
0.28,19.643,6.5616e-11,-0.0069307,-7.8654,0.81916
0.32,17.188,5.2137e-11,-0.0071049,-7.7889,0.50847
0.36,15.278,4.7109e-11,-0.007993,-7.749,0.39309
0.4,13.75,4.6969e-11,-0.0071304,-7.8413,0.34912
0.44,12.5,4.7236e-11,-0.0046017,-7.9378,0.34433
0.48,11.458,4.8302e-11,-0.0026325,-7.9857,0.17199
0.52,10.577,4.8853e-11,-0.0040729,-7.988,0.17546
0.56,9.8214,4.7703e-11,-0.0064977,-7.9691,0.16777
0.6,9.1667,4.0742e-11,-0.0094224,-7.8983,0.1615
0.64,8.5938,2.6386e-11,-0.014082,-7.8052,0.16318
0.68,8.0882,-1.0314e-11,-0.01711,-7.7644,0.16354
0.72,7.6389,-4.0823e-11,-0.018752,-7.737,0.15444
0.76,7.2368,-6.1781e-11,-0.020491,-7.7407,0.14831
0.8,6.875,-7.506e-11,-0.020409,-7.7686,0.14122
0.84,6.5476,-7.0517e-11,-0.017062,-7.8542,0.13349
0.88,6.25,-4.0798e-11,-0.014418,-7.9,0.12718
0.92,5.9783,-2.4408e-11,-0.010534,-7.9525,0.12326
0.96,5.7292,-2.4862e-11,-0.0025382,-8.0375,0.12108
1,5.5,-4.1215e-11,0.002944,-8.0761,0.12078
1.04,5.2885,-8.117e-11,0.0066579,-8.1456,0.12131
1.08,5.0926,-1.365e-10,0.0097621,-8.1911,0.11921
1.12,4.9107,-1.9503e-10,0.013136,-8.2531,0.12508
1.16,4.7414,-2.5872e-10,0.013178,-8.2869,0.13416
1.2,4.5833,-3.2991e-10,0.012592,-8.3035,0.13442
1.24,4.4355,-4.0895e-10,0.012174,-8.2822,0.12856
1.28,4.2969,-4.9334e-10,0.011621,-8.2761,0.12654
1.32,4.1667,-5.7846e-10,0.010741,-8.253,0.11756
1.36,4.0441,-6.5667e-10,0.010355,-8.224,0.10415
1.4,3.9286,-7.1622e-10,0.010758,-8.2338,0.10718
1.44,3.8194,-7.5269e-10,0.011673,-8.2557,0.11871
1.48,3.7162,-7.8303e-10,0.012601,-8.2571,0.12556
1.52,3.6184,-8.0096e-10,0.013971,-8.2912,0.1432
1.56,3.5256,-7.5867e-10,0.013778,-8.2974,0.15689
1.6,3.4375,-6.1775e-10,0.009405,-8.3312,0.16286
1.64,3.3537,-3.5295e-10,0.0051294,-8.2784,0.16263
1.68,3.2738,6.5789e-11,0.0027685,-8.2814,0.17105
1.72,3.1977,5.8046e-10,0.0058467,-8.342,0.17704
1.76,3.125,1.1251e-09,0.0095658,-8.3789,0.16857
1.8,3.0556,1.6048e-09,0.015506,-8.3758,0.17273
1.84,2.9891,1.9661e-09,0.02086,-8.4467,0.17384
1.88,2.9255,2.1726e-09,0.025416,-8.5042,0.17408
1.92,2.8646,2.2726e-09,0.023673,-8.4807,0.16638
1.96,2.8061,2.2801e-09,0.022597,-8.4864,0.17183
2,2.75,2.2674e-09,0.022394,-8.4895,0.17119
2.04,2.6961,2.2395e-09,0.022738,-8.502,0.173
2.08,2.6442,2.2022e-09,0.021298,-8.458,0.16654
2.12,2.5943,2.1433e-09,0.019936,-8.4358,0.1687
2.16,2.5463,2.0529e-09,0.018398,-8.453,0.18299
2.2,2.5,1.8992e-09,0.017163,-8.4333,0.18602
2.24,2.4554,1.6833e-09,0.014507,-8.3948,0.18998
2.28,2.4123,1.3911e-09,0.011081,-8.3665,0.1918
2.32,2.3707,1.0423e-09,0.0021821,-8.3028,0.18775
2.36,2.3305,6.5436e-10,0.0041387,-8.2893,0.17755
2.4,2.2917,2.6444e-10,0.0060023,-8.3035,0.1717
2.44,2.2541,-1.0295e-10,0.01042,-8.3352,0.16507
2.48,2.2177,-4.1026e-10,0.017893,-8.4216,0.16284
2.52,2.1825,-6.4396e-10,0.02995,-8.5317,0.16458
2.56,2.1484,-8.0608e-10,0.031304,-8.5733,0.16455
2.6,2.1154,-9.2093e-10,0.032552,-8.6136,0.1653
2.64,2.0833,-9.9331e-10,0.031728,-8.6663,0.17163
2.68,2.0522,-1.0294e-09,0.028859,-8.6616,0.17777
2.72,2.0221,-1.0488e-09,0.028731,-8.6981,0.2434
2.76,1.9928,-1.0577e-09,0.028543,-8.7084,0.2466
2.8,1.9643,-1.0609e-09,0.028988,-8.7265,0.24998
2.84,1.9366,-1.0589e-09,0.029567,-8.7113,0.24529
2.88,1.9097,-1.0519e-09,0.031873,-8.713,0.24253
2.92,1.8836,-1.0396e-09,0.029237,-8.6563,0.17821
2.96,1.8581,-1.0199e-09,0.026226,-8.6078,0.16903
3,1.8333,-9.9162e-10,0.023494,-8.5637,0.15971
3.04,1.8092,-9.5498e-10,0.021133,-8.5216,0.14999
3.08,1.7857,-9.1034e-10,0.017176,-8.4652,0.1365
3.12,1.7628,-8.5819e-10,0.016536,-8.429,0.12146
3.16,1.7405,-8.0082e-10,0.016658,-8.4476,0.12087
3.2,1.7188,-7.4023e-10,0.015822,-8.4373,0.11594
3.24,1.6975,-6.8408e-10,0.015277,-8.4352,0.11718
3.28,1.6768,-6.3909e-10,0.015207,-8.4505,0.12104
3.32,1.6566,-6.0599e-10,0.015398,-8.4669,0.12473
3.36,1.6369,-5.8547e-10,0.015603,-8.4559,0.12585
3.4,1.6176,-5.7784e-10,0.016582,-8.4774,0.13261
3.44,1.5988,-5.7583e-10,0.017043,-8.4822,0.13669
3.48,1.5805,-5.732e-10,0.017523,-8.5039,0.14369
3.52,1.5625,-5.6944e-10,0.017824,-8.5132,0.14788
3.56,1.5449,-5.5205e-10,0.018128,-8.5198,0.15205
3.6,1.5278,-5.2074e-10,0.017752,-8.494,0.15316
3.64,1.511,-4.7597e-10,0.017385,-8.4832,0.15398
3.68,1.4946,-4.1837e-10,0.016859,-8.4569,0.14983
3.72,1.4785,-3.4874e-10,0.014552,-8.4036,0.14842
3.76,1.4628,-2.7996e-10,0.010823,-8.3496,0.14735
3.8,1.4474,-2.1297e-10,0.0072807,-8.3015,0.14927
3.84,1.4323,-1.4821e-10,0.0039619,-8.2755,0.14689
3.88,1.4175,-8.6105e-11,0.0036892,-8.2658,0.15278
3.92,1.4031,-2.7333e-11,0.0037086,-8.2609,0.1533
3.96,1.3889,2.7611e-11,0.0050265,-8.2511,0.15323
4,1.375,7.8293e-11,0.0065473,-8.2345,0.14584
4.04,1.3614,1.242e-10,0.0084915,-8.2255,0.14864
4.08,1.348,1.6496e-10,0.0075172,-8.1887,0.14161
4.12,1.335,2.0049e-10,0.008103,-8.1969,0.14343
4.16,1.3221,2.3067e-10,0.0089277,-8.2157,0.14477
4.2,1.3095,2.5566e-10,0.009826,-8.2576,0.15181
4.24,1.2972,2.7573e-10,0.010598,-8.2808,0.15096
4.28,1.285,2.912e-10,0.011464,-8.3195,0.15805
4.32,1.2731,3.0233e-10,0.012742,-8.3638,0.16258
4.36,1.2615,3.0957e-10,0.013126,-8.366,0.16165
4.4,1.25,3.1318e-10,0.013513,-8.3727,0.16069
4.44,1.2387,3.1357e-10,0.014006,-8.3773,0.16406
4.48,1.2277,3.0978e-10,0.014286,-8.3672,0.16071
4.52,1.2168,3.017e-10,0.013936,-8.3318,0.15342
4.56,1.2061,2.901e-10,0.014295,-8.3366,0.15405
4.6,1.1957,2.7572e-10,0.014715,-8.3336,0.14882
4.64,1.1853,2.5909e-10,0.014939,-8.3398,0.14807
4.68,1.1752,2.4209e-10,0.015331,-8.3639,0.18059
4.72,1.1653,2.257e-10,0.015489,-8.3701,0.1848
4.76,1.1555,2.0995e-10,0.015593,-8.3623,0.18088
4.8,1.1458,1.9479e-10,0.015729,-8.3626,0.18195
4.84,1.1364,1.8036e-10,0.023752,-8.3885,0.17502
4.88,1.127,1.6661e-10,0.031134,-8.4085,0.1406
4.92,1.1179,1.5325e-10,0.038202,-8.4512,0.13846
4.96,1.1089,1.4027e-10,0.044539,-8.5044,0.14013
5,1.1,1.2771e-10,0.049956,-8.5361,0.13954
5.04,1.0913,1.1554e-10,0.047085,-8.5422,0.14249
5.08,1.0827,1.0386e-10,0.043867,-8.5387,0.137
5.12,1.0742,9.2938e-11,0.036989,-8.5119,0.13223
5.16,1.0659,8.4437e-11,0.033379,-8.5018,0.12869
5.2,1.0577,7.8648e-11,0.028976,-8.4957,0.12868
5.24,1.0496,7.5282e-11,0.024568,-8.4861,0.12715
5.28,1.0417,7.41e-11,0.023224,-8.5015,0.13265
5.32,1.0338,7.4925e-11,0.026347,-8.5397,0.137
5.36,1.0261,7.6008e-11,0.026235,-8.5494,0.1397
5.4,1.0185,7.6797e-11,0.02776,-8.5742,0.14302
5.44,1.011,7.7451e-11,0.028619,-8.5886,0.14758
5.48,1.0036,7.8011e-11,0.02814,-8.5872,0.14939
5.52,0.99638,7.854e-11,0.027411,-8.5882,0.15341
5.56,0.98921,7.8919e-11,0.028728,-8.6011,0.15686
5.6,0.98214,7.9268e-11,0.030219,-8.6052,0.16102
5.64,0.97518,7.9535e-11,0.0306,-8.566,0.16181
5.68,0.96831,7.8933e-11,0.032862,-8.5525,0.16086
5.72,0.96154,7.7411e-11,0.035039,-8.5287,0.15734
5.76,0.95486,7.5189e-11,0.038088,-8.5069,0.1532
5.8,0.94828,7.23e-11,0.036733,-8.4905,0.14711
5.84,0.94178,6.8785e-11,0.037466,-8.519,0.14393
5.88,0.93537,6.5478e-11,0.034532,-8.5136,0.14161
5.92,0.92905,6.2545e-11,0.033208,-8.5239,0.13945
5.96,0.92282,5.9901e-11,0.027434,-8.507,0.13768
6,0.91667,5.7487e-11,0.026049,-8.5018,0.13626
6.04,0.9106,5.5393e-11,0.024994,-8.5094,0.13581
6.08,0.90461,5.3688e-11,0.024755,-8.5072,0.13767
6.12,0.89869,5.2244e-11,0.02271,-8.4897,0.13734
6.16,0.89286,5.1089e-11,0.02261,-8.485,0.13637
6.2,0.8871,5.0299e-11,0.023218,-8.4953,0.13904
6.24,0.88141,4.9733e-11,0.023053,-8.4871,0.13847
6.28,0.8758,4.9288e-11,0.023905,-8.4894,0.13652
6.32,0.87025,4.8939e-11,0.023876,-8.4935,0.13814
6.36,0.86478,4.8581e-11,0.023848,-8.4936,0.13973
6.4,0.85938,4.8149e-11,0.022483,-8.4557,0.13612
6.44,0.85404,4.7706e-11,0.021733,-8.4322,0.1339
6.48,0.84877,4.7256e-11,0.02065,-8.4324,0.13464
6.52,0.84356,4.6812e-11,0.02029,-8.4233,0.13178
6.56,0.83841,4.6386e-11,0.020768,-8.4434,0.13342
6.6,0.83333,4.5968e-11,0.021568,-8.4733,0.13704
6.64,0.82831,4.55e-11,0.021595,-8.4814,0.14033
6.68,0.82335,4.4925e-11,0.021544,-8.4893,0.14563
6.72,0.81845,4.429e-11,0.021356,-8.4966,0.15011
6.76,0.81361,4.3654e-11,0.020795,-8.4782,0.14873
6.8,0.80882,4.2933e-11,0.021203,-8.4878,0.14806
6.84,0.80409,4.2127e-11,0.021434,-8.5255,0.15138
6.88,0.79942,4.1336e-11,0.020909,-8.5238,0.14887
6.92,0.7948,4.0553e-11,0.020724,-8.5299,0.14868
6.96,0.79023,3.9782e-11,0.021142,-8.5711,0.15339
7,0.78571,3.9147e-11,0.020011,-8.5654,0.15856
7.04,0.78125,3.8626e-11,0.019115,-8.5455,0.15796
7.08,0.77684,3.8172e-11,0.018482,-8.5194,0.15464
7.12,0.77247,3.7714e-11,0.018334,-8.5165,0.15202
7.16,0.76816,3.7167e-11,0.017659,-8.4974,0.14801
7.2,0.76389,3.6458e-11,0.016491,-8.4965,0.14532
7.24,0.75967,3.5739e-11,0.015571,-8.4861,0.14373
7.28,0.75549,3.4988e-11,0.014495,-8.4966,0.14639
7.32,0.75137,3.4197e-11,0.011267,-8.4842,0.14895
7.36,0.74728,3.3397e-11,0.0074767,-8.4469,0.14949
7.4,0.74324,3.2608e-11,0.0051415,-8.418,0.1479
7.44,0.73925,3.1638e-11,0.0030794,-8.4033,0.14882
7.48,0.73529,3.054e-11,0.00077584,-8.3968,0.14893
7.52,0.73138,2.9393e-11,0.00051339,-8.4039,0.15293
7.56,0.72751,2.8261e-11,-0.00024289,-8.3876,0.1575
7.6,0.72368,2.7185e-11,-0.001467,-8.3633,0.16034
7.64,0.7199,2.6239e-11,-0.0027212,-8.3329,0.15865
7.68,0.71615,2.5328e-11,-0.0036441,-8.3067,0.15939
7.72,0.71244,2.448e-11,-0.0045201,-8.2785,0.15729
7.76,0.70876,2.3592e-11,-0.0043439,-8.3118,0.20008
7.8,0.70513,2.269e-11,-0.0041491,-8.3728,0.28807
7.84,0.70153,2.1822e-11,-0.0042209,-8.4224,0.36693
7.88,0.69797,2.1045e-11,-0.0042488,-8.4453,0.41626
7.92,0.69444,2.0278e-11,-0.0039833,-8.493,0.4728
7.96,0.69095,1.9585e-11,-0.0041046,-8.4915,0.45596
8,0.6875,1.8884e-11,-0.0042295,-8.4536,0.39282
8.04,0.68408,1.8128e-11,-0.0040463,-8.4598,0.36581
8.08,0.68069,1.7387e-11,-0.0039626,-8.4476,0.34204
8.12,0.67734,1.6685e-11,-0.0040673,-8.4291,0.31605
8.16,0.67402,1.6009e-11,-0.0045234,-8.4139,0.33501
8.2,0.67073,1.5383e-11,-0.0048645,-8.433,0.36067
8.24,0.66748,1.4803e-11,-0.005276,-8.4099,0.36889
8.28,0.66425,1.4167e-11,-0.0044926,-8.4369,0.39928
8.32,0.66106,1.3543e-11,-0.0034496,-8.4498,0.42586
8.36,0.65789,1.2904e-11,-0.0019529,-8.4707,0.43224
8.4,0.65476,1.2238e-11,-0.00045946,-8.4765,0.46251
8.44,0.65166,1.1534e-11,0.00094313,-8.4863,0.49646
8.48,0.64858,1.0814e-11,0.0012731,-8.5001,0.52304
8.52,0.64554,9.9665e-12,0.00093228,-8.4851,0.56299
8.56,0.64252,9.0652e-12,0.00050721,-8.478,0.5926
8.6,0.63953,8.1519e-12,0.00030418,-8.4502,0.51812
8.64,0.63657,7.2834e-12,-7.779e-05,-8.4249,0.46742
8.68,0.63364,6.5307e-12,-0.00044532,-8.3632,0.38393
8.72,0.63073,5.9178e-12,-0.00050032,-8.3415,0.29057
8.76,0.62785,5.3551e-12,-0.00076371,-8.349,0.35762
8.8,0.625,4.8289e-12,-0.0015549,-8.3631,0.49054
8.84,0.62217,4.3433e-12,-0.0016694,-8.3404,0.58846
8.88,0.61937,3.8146e-12,-0.0018172,-8.3471,0.59203
8.92,0.61659,3.3078e-12,-0.0020523,-8.3406,0.58943
8.96,0.61384,2.9341e-12,-0.0019333,-8.3069,0.44129
9,0.61111,2.6582e-12,-0.0014274,-8.2922,0.30428
9.04,0.60841,2.4138e-12,-0.0013437,-8.3112,0.16675
9.08,0.60573,2.1803e-12,-0.0012432,-8.3296,0.16838
9.12,0.60307,1.9138e-12,-0.001179,-8.3412,0.1697
9.16,0.60044,1.5737e-12,-0.0010541,-8.352,0.17132
9.2,0.59783,1.2269e-12,-0.0010132,-8.3724,0.21092
9.24,0.59524,8.6184e-13,-0.000877,-8.4118,0.3438
9.28,0.59267,5.5023e-13,-0.00066501,-8.4502,0.4763
9.32,0.59013,2.375e-13,-0.00033015,-8.5117,0.61651
9.36,0.58761,-1.1192e-13,-1.5432e-05,-8.5677,0.74978
9.4,0.58511,-5.7583e-13,0.000151,-8.5885,0.84962
9.44,0.58263,-1.0334e-12,0.00033711,-8.5673,0.71873
9.48,0.58017,-1.5083e-12,0.00042804,-8.5265,0.58622
9.52,0.57773,-1.9144e-12,0.00029355,-8.4706,0.44819
9.56,0.57531,-2.2315e-12,0.00016755,-8.4238,0.31595
9.6,0.57292,-2.3359e-12,0.00040213,-8.3753,0.1714
9.64,0.57054,-2.2477e-12,0.00037592,-8.3698,0.1663
9.68,0.56818,-2.0041e-12,0.00053606,-8.3844,0.16843
9.72,0.56584,-1.6723e-12,0.00064689,-8.3972,0.17013
9.76,0.56352,-1.2855e-12,0.00081438,-8.3774,0.16185
9.8,0.56122,-1.0747e-12,0.00094093,-8.3848,0.16572
9.84,0.55894,-1.0855e-12,0.0013732,-8.3586,0.16715
9.88,0.55668,-1.2554e-12,0.0015221,-8.3534,0.16964
9.92,0.55444,-1.5925e-12,0.0019721,-8.3268,0.16421
9.96,0.55221,-2.0485e-12,0.0023004,-8.3218,0.17015
10,0.55,-2.5035e-12,0.0024579,-8.3367,0.17629
10.04,0.54781,-2.9555e-12,0.0022601,-8.3942,0.31018
10.08,0.54563,-3.4765e-12,0.0020149,-8.423,0.44149
10.12,0.54348,-4.0226e-12,0.0017247,-8.4388,0.44821
10.16,0.54134,-4.6023e-12,0.001391,-8.4437,0.44708
10.2,0.53922,-5.0995e-12,0.00091505,-8.4214,0.44295
10.24,0.53711,-5.5865e-12,0.00090102,-8.3697,0.30897
10.28,0.53502,-5.9624e-12,0.00091635,-8.3284,0.16881
10.32,0.53295,-6.2214e-12,0.00084091,-8.3068,0.16123
10.36,0.53089,-6.4176e-12,0.00066246,-8.3365,0.1657
10.4,0.52885,-6.6474e-12,0.00059813,-8.3664,0.1777
10.44,0.52682,-6.8091e-12,0.00019331,-8.4253,0.33614
10.48,0.52481,-6.921e-12,-5.7232e-05,-8.4548,0.48995
10.52,0.52281,-6.9557e-12,-0.00024069,-8.5024,0.51286
10.56,0.52083,-6.8885e-12,-7.7163e-05,-8.5011,0.52692
10.6,0.51887,-6.7326e-12,0.00017774,-8.4805,0.52279
10.64,0.51692,-6.5118e-12,0.00043902,-8.447,0.37884
10.68,0.51498,-6.308e-12,0.00052974,-8.4584,0.36441
10.72,0.51306,-6.2132e-12,0.00040068,-8.4665,0.4857
10.76,0.51115,-6.1362e-12,8.2866e-05,-8.5022,0.61889
10.8,0.50926,-6.0296e-12,-0.00021755,-8.5533,0.76474
10.84,0.50738,-5.9243e-12,-0.0012193,-8.6043,0.9286
10.88,0.50551,-5.7948e-12,-0.0017534,-8.6052,0.84286
10.92,0.50366,-5.559e-12,-0.0021943,-8.5938,0.77362
10.96,0.50182,-5.3743e-12,-0.002411,-8.5752,0.70054
11,0.5,-5.2607e-12,-0.0028107,-8.57,0.68731
11.04,0.49819,-5.2431e-12,-0.0025546,-8.5605,0.64993
11.08,0.49639,-5.3451e-12,-0.0026084,-8.5853,0.73918
11.12,0.4946,-5.5498e-12,-0.0026033,-8.6102,0.80777
11.16,0.49283,-5.726e-12,-0.0028308,-8.6405,0.86859
11.2,0.49107,-5.9239e-12,-0.0027781,-8.6468,0.81073
11.24,0.48932,-6.0829e-12,-0.0026816,-8.6442,0.81344
11.28,0.48759,-6.1526e-12,-0.00266,-8.6377,0.8202
11.32,0.48587,-6.1782e-12,-0.0024474,-8.6084,0.75529
11.36,0.48415,-6.1925e-12,-0.0023894,-8.6022,0.76929
11.4,0.48246,-6.204e-12,-0.0023518,-8.584,0.82167
11.44,0.48077,-6.2195e-12,-0.0019045,-8.5132,0.68081
11.48,0.47909,-6.2068e-12,-0.0016027,-8.4703,0.54064
11.52,0.47743,-6.1633e-12,-0.0015456,-8.4602,0.46985
11.56,0.47578,-6.1324e-12,-0.001177,-8.4042,0.32037
11.6,0.47414,-6.0248e-12,-0.0012153,-8.4108,0.32046
11.64,0.47251,-5.8805e-12,-0.0011424,-8.4221,0.32269
11.68,0.47089,-5.7854e-12,-0.00087274,-8.4039,0.32241
11.72,0.46928,-5.7427e-12,-0.001126,-8.3789,0.3213
11.76,0.46769,-5.7047e-12,-0.0017729,-8.4148,0.46022
11.8,0.4661,-5.698e-12,-0.0018714,-8.3636,0.32967
11.84,0.46453,-5.6865e-12,-0.0027096,-8.4077,0.47309
11.88,0.46296,-5.5923e-12,-0.0036628,-8.4673,0.61844
11.92,0.46141,-5.3835e-12,-0.003888,-8.513,0.75296
11.96,0.45987,-5.1295e-12,-0.0037883,-8.5091,0.74476
12,0.45833,-4.7747e-12,-0.0038123,-8.5567,0.87817
12.04,0.45681,-4.3484e-12,-0.003609,-8.5722,0.89096
12.08,0.4553,-3.9159e-12,-0.003307,-8.5669,0.88274
12.12,0.4538,-3.5528e-12,-0.0029945,-8.5623,0.75093
12.16,0.4523,-3.2055e-12,-0.0030186,-8.5815,0.75555
12.2,0.45082,-2.9114e-12,-0.0029322,-8.5663,0.62119
12.24,0.44935,-2.6552e-12,-0.0027692,-8.5464,0.46801
12.28,0.44788,-2.3979e-12,-0.0027458,-8.5557,0.46171
12.32,0.44643,-2.0959e-12,-0.0028208,-8.5649,0.52848
12.36,0.44498,-1.7447e-12,-0.0025105,-8.5669,0.46491
12.4,0.44355,-1.4037e-12,-0.0023315,-8.6007,0.53848
12.44,0.44212,-1.0648e-12,-0.0020428,-8.6249,0.58489
12.48,0.44071,-7.8646e-13,-0.0015475,-8.6138,0.49771
12.52,0.4393,-5.2007e-13,-0.001051,-8.6228,0.47336
12.56,0.4379,-2.7181e-13,-0.00040489,-8.6081,0.45614
12.6,0.43651,-9.9967e-14,-6.9389e-05,-8.5885,0.43027
12.64,0.43513,-2.1947e-14,9.3359e-05,-8.5565,0.42473
12.68,0.43375,6.769e-14,0.00025138,-8.545,0.42431
12.72,0.43239,9.049e-14,0.00027227,-8.5426,0.42385
12.76,0.43103,1.0582e-13,7.672e-06,-8.5492,0.41644
12.8,0.42969,2.2011e-13,-1.1146e-05,-8.5371,0.41562
12.84,0.42835,4.2019e-13,1.2247e-05,-8.5441,0.41812
12.88,0.42702,6.3696e-13,2.2501e-06,-8.5352,0.41616
12.92,0.4257,9.4873e-13,7.0021e-06,-8.5159,0.41265
12.96,0.42438,1.2306e-12,2.5892e-05,-8.4964,0.4097
13,0.42308,1.4654e-12,3.3794e-06,-8.5001,0.40418
13.04,0.42178,1.7268e-12,-5.4875e-05,-8.4892,0.39791
13.08,0.42049,2.0085e-12,-0.0001023,-8.4522,0.3506
13.12,0.41921,2.1912e-12,-0.00011995,-8.4293,0.31118
13.16,0.41793,2.3604e-12,-0.00013871,-8.4031,0.26941
13.2,0.41667,2.5339e-12,-0.00012785,-8.3814,0.23044
13.24,0.41541,2.6485e-12,-0.00012691,-8.3667,0.19303
13.28,0.41416,2.7323e-12,6.7957e-05,-8.3903,0.19969
13.32,0.41291,2.8758e-12,0.00025033,-8.398,0.19985
13.36,0.41168,3.1126e-12,0.00037154,-8.4116,0.19908
13.4,0.41045,3.3678e-12,0.00055264,-8.422,0.19995
13.44,0.40923,3.5638e-12,0.00075488,-8.4228,0.19881
13.48,0.40801,3.6583e-12,0.00078724,-8.4144,0.19448
13.52,0.4068,3.7636e-12,0.00074658,-8.4033,0.18804
13.56,0.4056,3.7628e-12,0.00084129,-8.3966,0.18571
13.6,0.40441,3.7176e-12,0.00081617,-8.3878,0.17952
13.64,0.40323,3.7434e-12,0.00084619,-8.3882,0.17872
13.68,0.40205,3.9366e-12,0.00085152,-8.3935,0.1802
13.72,0.40087,4.0562e-12,0.00095373,-8.4098,0.18698
13.76,0.39971,4.1336e-12,0.00096856,-8.413,0.19131
13.8,0.39855,4.1906e-12,0.0010132,-8.4093,0.19401
13.84,0.3974,4.1636e-12,0.0010264,-8.4185,0.19811
13.88,0.39625,4.006e-12,0.001024,-8.4142,0.19846
13.92,0.39511,3.875e-12,0.0010011,-8.4051,0.19662
13.96,0.39398,3.8024e-12,0.0010057,-8.4088,0.19753
14,0.39286,3.7216e-12,0.0010023,-8.4091,0.19866
14.04,0.39174,3.6823e-12,0.00097855,-8.3935,0.19499
14.08,0.39062,3.6597e-12,0.00099809,-8.4081,0.19866
14.12,0.38952,3.6196e-12,0.001077,-8.4134,0.1998
14.16,0.38842,3.5955e-12,0.0012495,-8.4047,0.19743
14.2,0.38732,3.6048e-12,0.0013879,-8.4096,0.19735
14.24,0.38624,3.5953e-12,0.0015545,-8.4254,0.19973
14.28,0.38515,3.5585e-12,0.0016687,-8.4192,0.19793
14.32,0.38408,3.4744e-12,0.0016318,-8.3964,0.19237
14.36,0.38301,3.2554e-12,0.0014666,-8.3985,0.19165
14.4,0.38194,2.9992e-12,0.0013253,-8.3942,0.18952
14.44,0.38089,2.8158e-12,0.0011722,-8.3871,0.1861
14.48,0.37983,2.6598e-12,0.0010558,-8.3763,0.1819
14.52,0.37879,2.5517e-12,0.0010648,-8.4002,0.18749
14.56,0.37775,2.5818e-12,0.0010634,-8.3972,0.18701
14.6,0.37671,2.6067e-12,0.001078,-8.4008,0.18773
14.64,0.37568,2.5645e-12,0.0011337,-8.4058,0.19203
14.68,0.37466,2.575e-12,0.0011657,-8.4066,0.19409
14.72,0.37364,2.6613e-12,0.0011754,-8.3908,0.19087
14.76,0.37263,2.7501e-12,0.0012588,-8.3969,0.19372
14.8,0.37162,2.8697e-12,0.0013911,-8.3906,0.19692
14.84,0.37062,2.9995e-12,0.0015413,-8.3926,0.20221
14.88,0.36962,3.0687e-12,0.0017091,-8.3956,0.20964
14.92,0.36863,3.0269e-12,0.0018256,-8.3992,0.21683
14.96,0.36765,2.9267e-12,0.0018824,-8.3813,0.22044
15,0.36667,2.8376e-12,0.0019104,-8.3642,0.21893
15.04,0.36569,2.747e-12,0.001888,-8.3417,0.21276
15.08,0.36472,2.6873e-12,0.0019078,-8.3354,0.20956
15.12,0.36376,2.6631e-12,0.0018218,-8.3305,0.20482
15.16,0.3628,2.6442e-12,0.001739,-8.3414,0.20138
15.2,0.36184,2.5726e-12,0.0016032,-8.3587,0.20189
15.24,0.36089,2.5058e-12,0.0014756,-8.3774,0.20286
15.28,0.35995,2.3722e-12,0.0012377,-8.3649,0.19597
15.32,0.35901,2.2049e-12,0.0011552,-8.3487,0.19214
15.36,0.35807,2.074e-12,0.0011081,-8.3406,0.19135
15.4,0.35714,1.9749e-12,0.0011494,-8.3278,0.19209
15.44,0.35622,1.8123e-12,0.0010203,-8.3052,0.18652
15.48,0.3553,1.7496e-12,0.00095965,-8.3062,0.1858
15.52,0.35438,1.7284e-12,0.00089721,-8.3101,0.18774
15.56,0.35347,1.6405e-12,0.00081864,-8.3105,0.18749
15.6,0.35256,1.557e-12,0.00075112,-8.3336,0.19552
15.64,0.35166,1.5306e-12,0.00082015,-8.3589,0.20974
15.68,0.35077,1.379e-12,0.00079335,-8.3748,0.21956
15.72,0.34987,1.2318e-12,0.00076812,-8.4024,0.22778
15.76,0.34898,1.1367e-12,0.00076317,-8.4131,0.23649
15.8,0.3481,1.0437e-12,0.00066022,-8.3903,0.22437
15.84,0.34722,1.0026e-12,0.00052945,-8.3672,0.20851
15.88,0.34635,1.0653e-12,0.0005057,-8.3522,0.19876
15.92,0.34548,1.091e-12,0.00047082,-8.3098,0.18662
15.96,0.34461,1.0541e-12,0.00037533,-8.2911,0.17407
16,0.34375,9.5834e-13,0.00017565,-8.3508,0.17436
16.04,0.34289,7.6349e-13,8.6332e-05,-8.4205,0.18005
16.08,0.34204,5.7713e-13,-7.9587e-05,-8.5207,0.18488
16.12,0.34119,4.3082e-13,-0.00022752,-8.6063,0.18944
16.16,0.34035,4.1844e-13,-0.00039896,-8.6942,0.19616
16.2,0.33951,5.0404e-13,-0.00038068,-8.7058,0.20275
16.24,0.33867,6.5831e-13,-0.00037094,-8.6887,0.20542
16.28,0.33784,7.3289e-13,-0.00026919,-8.6366,0.21202
16.32,0.33701,8.0341e-13,-0.00018105,-8.6045,0.22194
16.36,0.33619,7.5227e-13,-3.85e-05,-8.5552,0.22677
16.4,0.33537,6.7461e-13,-3.4891e-05,-8.5465,0.22514
16.44,0.33455,6.1258e-13,-0.00010941,-8.5454,0.21532
16.48,0.33374,6.2502e-13,-0.00014194,-8.542,0.20919
16.52,0.33293,6.6194e-13,-0.00016979,-8.5565,0.20564
16.56,0.33213,7.5346e-13,-0.00010739,-8.5296,0.19835
16.6,0.33133,8.224e-13,2.557e-05,-8.4825,0.1938
16.64,0.33053,9.2287e-13,0.00011551,-8.4695,0.20248
16.68,0.32974,1.0456e-12,0.00014153,-8.4573,0.19973
16.72,0.32895,1.154e-12,0.00013709,-8.4626,0.20238
16.76,0.32816,1.2608e-12,5.4428e-05,-8.4816,0.2008
16.8,0.32738,1.4552e-12,-3.3714e-05,-8.5044,0.19711
16.84,0.3266,1.5817e-12,0.00013027,-8.4389,0.1893
16.88,0.32583,1.6737e-12,0.00030793,-8.3704,0.18566
16.92,0.32506,1.7536e-12,0.00046061,-8.284,0.1711
16.96,0.32429,1.9121e-12,0.00051977,-8.2742,0.17699
17,0.32353,1.9516e-12,0.00053483,-8.2696,0.18542
17.04,0.32277,1.9991e-12,0.00055081,-8.277,0.18994
17.08,0.32201,2.0414e-12,0.00050864,-8.2921,0.19323
17.12,0.32126,2.1401e-12,0.00050448,-8.3516,0.33664
17.16,0.32051,2.132e-12,0.000608,-8.3582,0.46679
17.2,0.31977,2.27e-12,0.00081283,-8.3539,0.59481
17.24,0.31903,2.4525e-12,0.00081413,-8.4005,0.72524
17.28,0.31829,2.6843e-12,0.00071809,-8.4479,0.72684
17.32,0.31755,2.9218e-12,0.00065581,-8.44,0.58775
17.36,0.31682,3.1866e-12,0.00055068,-8.4269,0.44935
17.4,0.31609,3.3596e-12,0.00039833,-8.4177,0.31657
17.44,0.31537,3.5203e-12,0.00028504,-8.4017,0.18415
17.48,0.31465,3.6558e-12,0.00030794,-8.3698,0.1766
17.52,0.31393,3.769e-12,0.00029809,-8.3683,0.18134
17.56,0.31321,3.9114e-12,0.00032335,-8.3775,0.186
17.6,0.3125,4.0822e-12,0.00036032,-8.3801,0.18851
17.64,0.31179,4.2596e-12,0.00037512,-8.3864,0.1929
17.68,0.31109,4.4633e-12,0.00038189,-8.3992,0.19594
17.72,0.31038,4.7077e-12,0.00032745,-8.4262,0.19902
17.76,0.30968,4.9967e-12,0.00022751,-8.4935,0.24852
17.8,0.30899,5.3045e-12,0.00010906,-8.5535,0.3
17.84,0.3083,5.6002e-12,-1.9167e-05,-8.6249,0.35393
17.88,0.30761,5.8547e-12,-8.7439e-05,-8.6699,0.39657
17.92,0.30692,6.0285e-12,-0.00016343,-8.7184,0.4571
17.96,0.30624,6.1068e-12,-0.0002308,-8.7363,0.50294
18,0.30556,6.1534e-12,-0.00015384,-8.6995,0.48445
18.04,0.30488,6.1555e-12,-6.2178e-05,-8.6387,0.45298
18.08,0.3042,6.0741e-12,-7.8539e-06,-8.6051,0.43981
18.12,0.30353,5.9104e-12,5.3768e-05,-8.5634,0.41657
18.16,0.30286,5.7363e-12,0.00012844,-8.5173,0.37218
18.2,0.3022,5.4744e-12,5.0448e-05,-8.5444,0.40191
18.24,0.30154,5.2999e-12,-8.8341e-06,-8.5665,0.41944
18.28,0.30088,5.2518e-12,-3.5122e-05,-8.5755,0.40522
18.32,0.30022,5.342e-12,-6.2956e-05,-8.5731,0.40839
18.36,0.29956,5.438e-12,-0.00011338,-8.5854,0.4065
18.4,0.29891,5.582e-12,-8.5949e-05,-8.582,0.39386
18.44,0.29826,5.6293e-12,-0.0001206,-8.62,0.43425
18.48,0.29762,5.6356e-12,-0.0001783,-8.6808,0.51204
18.52,0.29698,5.5734e-12,-0.00013823,-8.7181,0.53758
18.56,0.29634,5.5185e-12,-5.0182e-05,-8.6958,0.53129
18.6,0.2957,5.4918e-12,-4.056e-05,-8.6824,0.52349
18.64,0.29506,5.4605e-12,6.3068e-06,-8.6584,0.48609
18.68,0.29443,5.3646e-12,-0.00017287,-8.6553,0.44192
18.72,0.2938,5.254e-12,-0.00017937,-8.6284,0.41329
18.76,0.29318,5.1988e-12,-0.0001283,-8.6065,0.40611
18.8,0.29255,5.1412e-12,-7.0346e-05,-8.583,0.36352
18.84,0.29193,5.0812e-12,-9.6517e-05,-8.5611,0.31726
18.88,0.29131,4.9831e-12,0.00011668,-8.512,0.31208
18.92,0.2907,4.8581e-12,0.00013428,-8.4972,0.30645
18.96,0.29008,4.5728e-12,7.628e-05,-8.54,0.31105
19,0.28947,4.1457e-12,7.3351e-05,-8.5716,0.36544
19.04,0.28887,3.7107e-12,0.00012635,-8.5929,0.42666
19.08,0.28826,3.3392e-12,0.00018887,-8.5962,0.44928
19.12,0.28766,2.9758e-12,0.00022098,-8.642,0.6056
19.16,0.28706,2.7386e-12,0.00032944,-8.6371,0.74015
19.2,0.28646,2.6278e-12,0.00042544,-8.6374,0.86265
19.24,0.28586,2.5189e-12,0.00049911,-8.6223,0.86671
19.28,0.28527,2.4083e-12,0.00056725,-8.5834,0.84564
19.32,0.28468,2.325e-12,0.00060022,-8.5412,0.71748
19.36,0.28409,2.1263e-12,0.00056965,-8.4965,0.57563
19.4,0.28351,1.8006e-12,0.0005822,-8.459,0.45774
19.44,0.28292,1.3885e-12,0.00050239,-8.4324,0.39935
19.48,0.28234,9.3351e-13,0.00035593,-8.4547,0.36422
19.52,0.28176,4.3663e-13,0.00016989,-8.4766,0.37036
19.56,0.28119,2.6685e-14,-7.0879e-06,-8.5328,0.40691
19.6,0.28061,-2.8048e-13,-0.000129,-8.552,0.41095
19.64,0.28004,-4.5894e-13,-0.0001685,-8.6007,0.47894
19.68,0.27947,-6.1559e-13,-4.5035e-06,-8.5969,0.50984
19.72,0.2789,-7.3366e-13,0.00023909,-8.5723,0.51312
19.76,0.27834,-8.4789e-13,0.00039759,-8.5611,0.52306
19.8,0.27778,-9.5816e-13,0.00047217,-8.5631,0.53153
19.84,0.27722,-1.1262e-12,0.00061013,-8.5421,0.52863
19.88,0.27666,-1.2828e-12,0.00058284,-8.5808,0.56411
19.92,0.2761,-1.457e-12,0.00059589,-8.587,0.55864
19.96,0.27555,-1.7353e-12,0.00068074,-8.5706,0.54891
20,0.275,-2.1251e-12,0.00074346,-8.5671,0.54775
20.04,0.27445,-2.5715e-12,0.00079997,-8.5543,0.54548
20.08,0.2739,-3.1084e-12,0.00084045,-8.5325,0.54907
20.12,0.27336,-3.6988e-12,0.00085431,-8.5237,0.54966
20.16,0.27282,-4.1981e-12,0.00086083,-8.53,0.55502
20.2,0.27228,-4.5943e-12,0.00061722,-8.556,0.55197
20.24,0.27174,-4.8969e-12,0.00035743,-8.5939,0.55403
20.28,0.2712,-5.1372e-12,9.9308e-05,-8.6277,0.54356
20.32,0.27067,-5.3464e-12,-0.00014522,-8.6509,0.52557
20.36,0.27014,-5.6586e-12,-0.0003686,-8.6578,0.50308
20.4,0.26961,-6.1064e-12,-0.00030585,-8.6368,0.47969
20.44,0.26908,-6.7172e-12,-0.00025491,-8.6065,0.44836
20.48,0.26855,-7.3941e-12,-0.00020895,-8.591,0.42692
20.52,0.26803,-8.1044e-12,-0.00011616,-8.555,0.40836
20.56,0.26751,-8.7706e-12,-7.8934e-05,-8.5336,0.38885
20.6,0.26699,-9.2955e-12,-8.3984e-05,-8.5272,0.38503
20.64,0.26647,-9.6494e-12,-5.9095e-05,-8.532,0.38747
20.68,0.26596,-9.9031e-12,-7.5322e-06,-8.5085,0.36474
20.72,0.26544,-1.0124e-11,-3.8974e-05,-8.5154,0.35242
20.76,0.26493,-1.0286e-11,-1.7511e-05,-8.5129,0.33898
20.8,0.26442,-1.0534e-11,-5.8055e-05,-8.5362,0.34671
20.84,0.26392,-1.0854e-11,-8.466e-05,-8.5446,0.34646
20.88,0.26341,-1.1198e-11,-0.00018365,-8.5634,0.36823
20.92,0.26291,-1.1538e-11,-0.00023299,-8.5792,0.38923
20.96,0.2624,-1.1934e-11,-0.00054338,-8.6126,0.41191
21,0.2619,-1.2283e-11,-0.00052589,-8.5945,0.41755
21.04,0.26141,-1.2595e-11,-0.00047438,-8.5733,0.40174
21.08,0.26091,-1.2884e-11,-0.00028717,-8.5199,0.37465
21.12,0.26042,-1.3137e-11,-0.00021673,-8.5157,0.382
21.16,0.25992,-1.3375e-11,9.8888e-05,-8.4935,0.38314
21.2,0.25943,-1.3603e-11,0.00024173,-8.4459,0.32255
21.24,0.25895,-1.3824e-11,0.00030021,-8.4279,0.31661
21.28,0.25846,-1.4096e-11,7.4407e-05,-8.476,0.33986
21.32,0.25797,-1.4444e-11,0.00010779,-8.4533,0.32841
21.36,0.25749,-1.4732e-11,0.00013221,-8.4471,0.32417
21.4,0.25701,-1.5e-11,8.1042e-05,-8.4644,0.36539
21.44,0.25653,-1.5273e-11,6.493e-05,-8.453,0.34293
21.48,0.25605,-1.5536e-11,0.00026638,-8.4173,0.30095
21.52,0.25558,-1.5712e-11,0.00028007,-8.409,0.29512
21.56,0.2551,-1.5933e-11,2.9387e-05,-8.3807,0.24765
21.6,0.25463,-1.6163e-11,-7.1769e-05,-8.3874,0.2157
21.64,0.25416,-1.6406e-11,-0.00024463,-8.4278,0.25855
21.68,0.25369,-1.6656e-11,-0.00044087,-8.4396,0.28902
21.72,0.25322,-1.6987e-11,-0.00041979,-8.4455,0.28779
21.76,0.25276,-1.7307e-11,-0.0001313,-8.4517,0.32754
21.8,0.25229,-1.7644e-11,3.2609e-05,-8.4044,0.31415
21.84,0.25183,-1.8013e-11,0.0001141,-8.3635,0.26291
21.88,0.25137,-1.8338e-11,0.00025653,-8.3784,0.26917
21.92,0.25091,-1.8642e-11,0.00049154,-8.3569,0.26753
21.96,0.25046,-1.8987e-11,0.00072758,-8.3511,0.26533
22,0.25,-1.9353e-11,0.00061507,-8.3963,0.30872
22.04,0.24955,-1.9626e-11,0.00053861,-8.431,0.35603
22.08,0.24909,-1.9921e-11,0.00061717,-8.4324,0.32562
22.12,0.24864,-2.0166e-11,0.00036322,-8.4389,0.28901
22.16,0.24819,-2.0336e-11,0.00013929,-8.4459,0.25948
22.2,0.24775,-2.0451e-11,0.00020573,-8.4337,0.22505
22.24,0.2473,-2.066e-11,0.00020762,-8.4102,0.18237
22.28,0.24686,-2.0871e-11,7.6135e-05,-8.4,0.17701
22.32,0.24642,-2.1136e-11,0.00011138,-8.387,0.1734
22.36,0.24597,-2.1482e-11,3.1397e-05,-8.3891,0.20402
22.4,0.24554,-2.1862e-11,-6.9319e-05,-8.4015,0.2357
22.44,0.2451,-2.2198e-11,6.9677e-05,-8.4013,0.24047
22.48,0.24466,-2.2545e-11,8.5382e-05,-8.4095,0.28002
22.52,0.24423,-2.2884e-11,-4.7998e-05,-8.4404,0.32124
22.56,0.24379,-2.3219e-11,-6.6621e-05,-8.4236,0.28081
22.6,0.24336,-2.3595e-11,-8.1667e-05,-8.45,0.2525
22.64,0.24293,-2.3963e-11,-0.00048319,-8.5047,0.29324
22.68,0.2425,-2.4238e-11,-0.00060909,-8.4967,0.25129
22.72,0.24208,-2.4417e-11,-0.00073855,-8.4909,0.2532
22.76,0.24165,-2.4446e-11,-0.00081492,-8.4976,0.28803
22.8,0.24123,-2.436e-11,-0.00086285,-8.4602,0.29767
22.84,0.24081,-2.4239e-11,-0.00059712,-8.4215,0.29211
22.88,0.24038,-2.416e-11,-0.0004056,-8.3927,0.28495
22.92,0.23997,-2.4144e-11,-0.00033632,-8.3952,0.28044
22.96,0.23955,-2.4224e-11,-0.00025798,-8.3951,0.28654
23,0.23913,-2.4293e-11,-0.00017685,-8.398,0.30722
23.04,0.23872,-2.4317e-11,-7.6526e-05,-8.3785,0.30671
23.08,0.2383,-2.4313e-11,-8.3519e-05,-8.3632,0.32726
23.12,0.23789,-2.4267e-11,-3.4857e-05,-8.3586,0.33191
23.16,0.23748,-2.4178e-11,-0.00026913,-8.3858,0.33446
23.2,0.23707,-2.412e-11,-0.00035429,-8.3845,0.29799
23.24,0.23666,-2.413e-11,-0.00057797,-8.4297,0.33264
23.28,0.23625,-2.4095e-11,-0.00057378,-8.4684,0.37961
23.32,0.23585,-2.4024e-11,-0.00071014,-8.4975,0.40867
23.36,0.23545,-2.3953e-11,-0.00056118,-8.4682,0.36317
23.4,0.23504,-2.387e-11,-0.00068133,-8.49,0.40399
23.44,0.23464,-2.3792e-11,-0.00040989,-8.4673,0.36893
23.48,0.23424,-2.3777e-11,-0.00034953,-8.4453,0.30309
23.52,0.23384,-2.3785e-11,-0.0001388,-8.4018,0.22917
23.56,0.23345,-2.377e-11,-3.9749e-05,-8.4211,0.27014
23.6,0.23305,-2.3769e-11,0.00020936,-8.4096,0.26028
23.64,0.23266,-2.3721e-11,0.00012809,-8.4161,0.25968
23.68,0.23226,-2.3652e-11,-6.6349e-06,-8.4425,0.29781
23.72,0.23187,-2.3634e-11,7.5933e-05,-8.4677,0.34279
23.76,0.23148,-2.3648e-11,0.00015525,-8.4693,0.34422
23.8,0.23109,-2.3605e-11,0.00021581,-8.4777,0.35147
23.84,0.2307,-2.3514e-11,0.00036771,-8.4685,0.35197
23.88,0.23032,-2.3388e-11,0.00062955,-8.4286,0.3319
23.92,0.22993,-2.3218e-11,0.00061916,-8.4293,0.33369
23.96,0.22955,-2.3058e-11,0.00066575,-8.4249,0.33155
24,0.22917,-2.3008e-11,0.00065454,-8.4453,0.46315
24.04,0.22879,-2.3064e-11,0.00051342,-8.4936,0.62173
24.08,0.22841,-2.3234e-11,0.00048952,-8.5182,0.64818
24.12,0.22803,-2.3366e-11,0.0005878,-8.5033,0.64886
24.16,0.22765,-2.3424e-11,0.00062613,-8.4988,0.65034
24.2,0.22727,-2.3295e-11,0.00072188,-8.4561,0.51611
24.24,0.2269,-2.309e-11,0.00094535,-8.3808,0.35736
24.28,0.22652,-2.2841e-11,0.00092039,-8.3673,0.35087
24.32,0.22615,-2.267e-11,0.00091522,-8.3759,0.34661
24.36,0.22578,-2.2575e-11,0.00098289,-8.3613,0.34736
24.4,0.22541,-2.2646e-11,0.0010906,-8.3315,0.30328
24.44,0.22504,-2.273e-11,0.0011807,-8.3248,0.26317
24.48,0.22467,-2.2788e-11,0.0012152,-8.3416,0.26989
24.52,0.22431,-2.2834e-11,0.0012635,-8.3332,0.27275
24.56,0.22394,-2.2916e-11,0.0012233,-8.346,0.27199
24.6,0.22358,-2.2972e-11,0.0011939,-8.3647,0.32282
24.64,0.22321,-2.315e-11,0.0010953,-8.3804,0.36952
24.68,0.22285,-2.3396e-11,0.0010512,-8.3891,0.36877
24.72,0.22249,-2.3654e-11,0.0010423,-8.3869,0.36978
24.76,0.22213,-2.3881e-11,0.0010746,-8.3805,0.37486
24.8,0.22177,-2.417e-11,0.0010896,-8.3713,0.33025
24.84,0.22142,-2.4368e-11,0.0012244,-8.3664,0.33443
24.88,0.22106,-2.4468e-11,0.0013229,-8.3607,0.342
24.92,0.22071,-2.4539e-11,0.0013598,-8.3584,0.34504
24.96,0.22035,-2.4572e-11,0.0015498,-8.3535,0.35084
25,0.22,-2.4506e-11,0.0016195,-8.3439,0.34867
25.04,0.21965,-2.4468e-11,0.0016543,-8.3076,0.29632
25.08,0.2193,-2.4504e-11,0.0016648,-8.2854,0.29015
25.12,0.21895,-2.4568e-11,0.0015973,-8.2942,0.31368
25.16,0.2186,-2.4697e-11,0.0013023,-8.321,0.33506
25.2,0.21825,-2.4901e-11,0.0010764,-8.3483,0.40419
25.24,0.21791,-2.503e-11,0.0010472,-8.3927,0.45817
25.28,0.21756,-2.5145e-11,0.0010651,-8.3922,0.4637
25.32,0.21722,-2.5265e-11,0.0012707,-8.36,0.44221
25.36,0.21688,-2.5427e-11,0.0015678,-8.3032,0.37589
25.4,0.21654,-2.5603e-11,0.0018468,-8.2743,0.31355
25.44,0.21619,-2.587e-11,0.0018876,-8.2205,0.26399
25.48,0.21586,-2.6089e-11,0.0018932,-8.207,0.22209
25.52,0.21552,-2.6264e-11,0.0018766,-8.2015,0.18265
25.56,0.21518,-2.6303e-11,0.0018057,-8.2174,0.25351
25.6,0.21484,-2.6204e-11,0.0016264,-8.2542,0.32304
25.64,0.21451,-2.6021e-11,0.0015899,-8.2697,0.32408
25.68,0.21417,-2.5819e-11,0.001543,-8.3005,0.38612
25.72,0.21384,-2.5604e-11,0.0012921,-8.3539,0.46176
25.76,0.21351,-2.5386e-11,0.00098993,-8.4113,0.46038
25.8,0.21318,-2.5141e-11,0.00087151,-8.4407,0.45773
25.84,0.21285,-2.4851e-11,0.0005791,-8.5092,0.52374
25.88,0.21252,-2.4575e-11,0.00048047,-8.5038,0.48889
25.92,0.21219,-2.4282e-11,0.00052355,-8.4899,0.4795
25.96,0.21186,-2.4035e-11,0.00060575,-8.4732,0.49478
26,0.21154,-2.3884e-11,0.00074205,-8.4455,0.49943
26.04,0.21121,-2.3772e-11,0.00097646,-8.4091,0.50023
26.08,0.21089,-2.3635e-11,0.0010818,-8.4149,0.53911
26.12,0.21057,-2.3484e-11,0.0011454,-8.413,0.53375
26.16,0.21024,-2.328e-11,0.0012255,-8.3941,0.51472
26.2,0.20992,-2.302e-11,0.0011969,-8.3954,0.50398
26.24,0.2096,-2.2704e-11,0.0011311,-8.4018,0.49446
26.28,0.20928,-2.239e-11,0.0010131,-8.4116,0.47378
26.32,0.20897,-2.2092e-11,0.00098247,-8.4026,0.46786
26.36,0.20865,-2.1867e-11,0.00080521,-8.4108,0.45966
26.4,0.20833,-2.171e-11,0.00072387,-8.4236,0.46113
26.44,0.20802,-2.1662e-11,0.00063062,-8.4229,0.46921
26.48,0.2077,-2.1683e-11,0.00056826,-8.4302,0.48681
26.52,0.20739,-2.177e-11,0.00045508,-8.4415,0.49964
26.56,0.20708,-2.185e-11,0.00057182,-8.4161,0.4367
26.6,0.20677,-2.1928e-11,0.00060626,-8.3955,0.37279
26.64,0.20646,-2.2001e-11,0.00060011,-8.4008,0.34652
26.68,0.20615,-2.2044e-11,0.00058439,-8.3874,0.31319
26.72,0.20584,-2.2011e-11,0.00055168,-8.3939,0.27887
26.76,0.20553,-2.1949e-11,0.00049562,-8.4184,0.32783
26.8,0.20522,-2.1829e-11,0.00047235,-8.4108,0.36256
26.84,0.20492,-2.1683e-11,0.00045977,-8.4113,0.35812
26.88,0.20461,-2.1472e-11,0.0005046,-8.399,0.36307
26.92,0.20431,-2.1246e-11,0.00059052,-8.3882,0.35802
26.96,0.20401,-2.0987e-11,0.00045614,-8.3737,0.34891
27,0.2037,-2.0751e-11,0.00043709,-8.3826,0.34825
27.04,0.2034,-2.0503e-11,0.00046155,-8.3728,0.34937
27.08,0.2031,-2.0309e-11,0.00045876,-8.3813,0.35514
27.12,0.2028,-2.0243e-11,0.0003996,-8.37,0.35995
27.16,0.2025,-2.0268e-11,0.00055002,-8.3809,0.36512
27.2,0.20221,-2.0328e-11,0.00053192,-8.3929,0.37139
27.24,0.20191,-2.0418e-11,0.00041503,-8.3949,0.37666
27.28,0.20161,-2.0546e-11,0.00043756,-8.397,0.37436
27.32,0.20132,-2.057e-11,0.00049586,-8.3917,0.33658
27.36,0.20102,-2.056e-11,0.00051271,-8.3981,0.33903
27.4,0.20073,-2.0544e-11,0.00052876,-8.4055,0.34098
27.44,0.20044,-2.0526e-11,0.00068754,-8.376,0.29384
27.48,0.20015,-2.0539e-11,0.00066601,-8.3727,0.25335
27.52,0.19985,-2.0637e-11,0.00066211,-8.3895,0.29514
27.56,0.19956,-2.0719e-11,0.00067506,-8.3849,0.28716
27.6,0.19928,-2.0782e-11,0.00055019,-8.3755,0.28214
27.64,0.19899,-2.0874e-11,0.000591,-8.4082,0.33063
27.68,0.1987,-2.0922e-11,0.00060421,-8.4175,0.37624
27.72,0.19841,-2.0811e-11,0.00037984,-8.4302,0.37517
27.76,0.19813,-2.0667e-11,0.00040288,-8.4031,0.35363
27.8,0.19784,-2.0553e-11,0.00055423,-8.3686,0.32772
27.84,0.19756,-2.0375e-11,0.00052099,-8.348,0.30535
27.88,0.19727,-2.013e-11,0.000519,-8.3482,0.30095
27.92,0.19699,-1.9948e-11,0.00073769,-8.3447,0.30208
27.96,0.19671,-1.9733e-11,0.00074149,-8.3595,0.32695
28,0.19643,-1.9448e-11,0.00071888,-8.3739,0.35059
28.04,0.19615,-1.918e-11,0.00069765,-8.3829,0.36861
28.08,0.19587,-1.8995e-11,0.00070872,-8.3707,0.36474
28.12,0.19559,-1.8901e-11,0.00070312,-8.354,0.36355
28.16,0.19531,-1.8967e-11,0.00067668,-8.3692,0.36998
28.2,0.19504,-1.9058e-11,0.0007161,-8.3715,0.33649
28.24,0.19476,-1.9191e-11,0.00072043,-8.3501,0.29612
28.28,0.19448,-1.9324e-11,0.00068789,-8.3603,0.30087
28.32,0.19421,-1.9429e-11,0.00067949,-8.3442,0.26186
28.36,0.19394,-1.9431e-11,0.00070263,-8.3335,0.25743
28.4,0.19366,-1.9462e-11,0.00072005,-8.3248,0.27827
28.44,0.19339,-1.9476e-11,0.00066198,-8.3868,0.33805
28.48,0.19312,-1.9481e-11,0.0006397,-8.4161,0.35
28.52,0.19285,-1.9408e-11,0.00060192,-8.4521,0.37043
28.56,0.19258,-1.9395e-11,0.00052772,-8.4839,0.3876
28.6,0.19231,-1.9455e-11,0.00049761,-8.499,0.39058
28.64,0.19204,-1.9535e-11,0.00046304,-8.5116,0.39802
28.68,0.19177,-1.9623e-11,0.00045524,-8.5119,0.40459
28.72,0.1915,-1.9866e-11,0.00049818,-8.5042,0.42487
28.76,0.19124,-2.0117e-11,0.00053625,-8.4782,0.41135
28.8,0.19097,-2.0286e-11,0.00051711,-8.4929,0.43014
28.84,0.19071,-2.0408e-11,0.00059486,-8.4549,0.41134
28.88,0.19044,-2.0499e-11,0.00065968,-8.4101,0.37762
28.92,0.19018,-2.0498e-11,0.00062588,-8.406,0.35845
28.96,0.18992,-2.0417e-11,0.00068184,-8.3642,0.32647
29,0.18966,-2.034e-11,0.00069821,-8.3621,0.32359
29.04,0.18939,-2.0252e-11,0.00069888,-8.3564,0.31775
29.08,0.18913,-2.0148e-11,0.00055278,-8.3937,0.33593
29.12,0.18887,-2.0004e-11,0.00043403,-8.3927,0.33292
29.16,0.18861,-1.9862e-11,0.0003962,-8.4277,0.32391
29.2,0.18836,-1.9652e-11,0.00040149,-8.4215,0.30624
29.24,0.1881,-1.9439e-11,0.00040931,-8.4229,0.29061
29.28,0.18784,-1.9215e-11,0.00053374,-8.3966,0.26637
29.32,0.18759,-1.8971e-11,0.00068128,-8.3731,0.24417
29.36,0.18733,-1.8736e-11,0.00065442,-8.3804,0.27938
29.4,0.18707,-1.8519e-11,0.00062957,-8.3833,0.2937
29.44,0.18682,-1.8284e-11,0.00062587,-8.3637,0.26688
29.48,0.18657,-1.8065e-11,0.00061134,-8.364,0.245
29.52,0.18631,-1.7852e-11,0.00059378,-8.3792,0.24425
29.56,0.18606,-1.7648e-11,0.00060277,-8.3729,0.24127
29.6,0.18581,-1.751e-11,0.00062735,-8.3439,0.19761
29.64,0.18556,-1.7449e-11,0.00062111,-8.3649,0.23665
29.68,0.18531,-1.7456e-11,0.00063767,-8.37,0.27665
29.72,0.18506,-1.7592e-11,0.00064096,-8.3765,0.31134
29.76,0.18481,-1.7735e-11,0.00055581,-8.4072,0.33709
29.8,0.18456,-1.7842e-11,0.00052342,-8.4418,0.40195
29.84,0.18432,-1.783e-11,0.00047741,-8.4527,0.42273
29.88,0.18407,-1.7689e-11,0.00046651,-8.4532,0.43981
29.92,0.18382,-1.7332e-11,0.0004611,-8.4507,0.46693
29.96,0.18358,-1.6927e-11,0.0005498,-8.421,0.46865
30,0.18333,-1.6496e-11,0.00053903,-8.4135,0.46706
30.04,0.18309,-1.6181e-11,0.00053571,-8.4071,0.47608
30.08,0.18285,-1.5989e-11,0.00053393,-8.3988,0.47329
30.12,0.1826,-1.5969e-11,0.00048955,-8.4108,0.46875
30.16,0.18236,-1.603e-11,0.00049102,-8.3936,0.45773
30.2,0.18212,-1.616e-11,0.00050365,-8.397,0.45525
30.24,0.18188,-1.6268e-11,0.00055525,-8.3848,0.45286
30.28,0.18164,-1.6266e-11,0.0005458,-8.3808,0.45013
30.32,0.1814,-1.6217e-11,0.00058407,-8.3687,0.44311
30.36,0.18116,-1.6124e-11,0.00059659,-8.362,0.41555
30.4,0.18092,-1.6008e-11,0.00057484,-8.3634,0.42283
30.44,0.18068,-1.5918e-11,0.00054549,-8.3629,0.41769
30.48,0.18045,-1.5957e-11,0.00050417,-8.3953,0.43648
30.52,0.18021,-1.6038e-11,0.00056379,-8.372,0.40759
30.56,0.17997,-1.6165e-11,0.00048817,-8.4195,0.41384
30.6,0.17974,-1.6275e-11,0.00042605,-8.4602,0.41774
30.64,0.1795,-1.6346e-11,0.00038455,-8.4946,0.42701
30.68,0.17927,-1.6373e-11,0.00039856,-8.5025,0.42233
30.72,0.17904,-1.6349e-11,0.00033296,-8.5391,0.46615
30.76,0.1788,-1.6272e-11,0.00032104,-8.5495,0.49971
30.8,0.17857,-1.618e-11,0.0003255,-8.5257,0.50268
30.84,0.17834,-1.6037e-11,0.0003958,-8.4738,0.43187
30.88,0.17811,-1.5784e-11,0.00042853,-8.4462,0.39201
30.92,0.17788,-1.551e-11,0.00039462,-8.4607,0.36662
30.96,0.17765,-1.5186e-11,0.00042011,-8.442,0.34142
31,0.17742,-1.4844e-11,0.00051229,-8.4129,0.29815
31.04,0.17719,-1.45e-11,0.00044695,-8.4617,0.35006
31.08,0.17696,-1.418e-11,0.00039884,-8.4881,0.37149
31.12,0.17674,-1.3836e-11,0.00036321,-8.5166,0.38424
31.16,0.17651,-1.3551e-11,0.00036371,-8.5237,0.38392
31.2,0.17628,-1.3263e-11,0.00026288,-8.5748,0.4122
31.24,0.17606,-1.2952e-11,0.00021045,-8.5977,0.43229
31.28,0.17583,-1.2662e-11,0.00017003,-8.6203,0.4616
31.32,0.17561,-1.2392e-11,0.00019082,-8.6025,0.483
31.36,0.17538,-1.2106e-11,0.00023025,-8.5843,0.49803
31.4,0.17516,-1.1844e-11,0.00031894,-8.544,0.49393
31.44,0.17494,-1.1704e-11,0.00038213,-8.4968,0.47871
31.48,0.17471,-1.1642e-11,0.00047118,-8.4505,0.44134
31.52,0.17449,-1.1671e-11,0.00064655,-8.4206,0.41081
31.56,0.17427,-1.1731e-11,0.00060274,-8.4316,0.3981
31.6,0.17405,-1.1792e-11,0.00054843,-8.424,0.38563
31.64,0.17383,-1.1852e-11,0.00056589,-8.4224,0.37392
31.68,0.17361,-1.1939e-11,0.00056393,-8.4128,0.37572
31.72,0.17339,-1.1986e-11,0.00041859,-8.4258,0.37845
31.76,0.17317,-1.205e-11,0.00043228,-8.417,0.36975
31.8,0.17296,-1.2167e-11,0.00046328,-8.4235,0.37189
31.84,0.17274,-1.2176e-11,0.00044268,-8.4228,0.37109
31.88,0.17252,-1.1996e-11,0.00040444,-8.4403,0.37608
31.92,0.17231,-1.1739e-11,0.00040513,-8.4309,0.37658
31.96,0.17209,-1.1419e-11,0.0003905,-8.4503,0.38487
32,0.17188,-1.1013e-11,0.00039041,-8.4493,0.38092
32.04,0.17166,-1.0681e-11,0.00037466,-8.4546,0.37804
32.08,0.17145,-1.0482e-11,0.00042903,-8.4384,0.37088
32.12,0.17123,-1.0291e-11,0.00045172,-8.4343,0.36473
32.16,0.17102,-1.0095e-11,0.00046656,-8.421,0.3633
32.2,0.17081,-9.9291e-12,0.0004932,-8.4097,0.36058
32.24,0.1706,-9.6922e-12,0.0005598,-8.3932,0.35677
32.28,0.17038,-9.4035e-12,0.00063995,-8.3719,0.34907
32.32,0.17017,-9.1717e-12,0.00068231,-8.3603,0.34862
32.36,0.16996,-9.0037e-12,0.00067547,-8.343,0.34188
32.4,0.16975,-8.8937e-12,0.00095825,-8.3435,0.3474
32.44,0.16954,-8.8766e-12,0.0013877,-8.3307,0.34324
32.48,0.16933,-8.9176e-12,0.0014821,-8.3458,0.34872
32.52,0.16913,-8.9657e-12,0.0017773,-8.327,0.34327
32.56,0.16892,-9.0024e-12,0.0023305,-8.3213,0.34986
32.6,0.16871,-8.9568e-12,0.0022485,-8.3057,0.34607
32.64,0.1685,-8.8138e-12,0.0018679,-8.3152,0.34518
32.68,0.1683,-8.5796e-12,0.002095,-8.3287,0.39686
32.72,0.16809,-8.2511e-12,0.0023631,-8.3199,0.39968
32.76,0.16789,-7.8714e-12,0.0023437,-8.3,0.39083
32.8,0.16768,-7.4774e-12,0.0027115,-8.2804,0.35347
32.84,0.16748,-7.1344e-12,0.0032537,-8.2745,0.36347
32.88,0.16727,-6.8377e-12,0.0034086,-8.2279,0.29316
32.92,0.16707,-6.5803e-12,0.0035293,-8.2294,0.29643
32.96,0.16687,-6.3874e-12,0.0038182,-8.2244,0.3022
33,0.16667,-6.2988e-12,0.0039718,-8.2236,0.32329
33.04,0.16646,-6.2445e-12,0.0040513,-8.2156,0.32064
33.08,0.16626,-6.2494e-12,0.0041102,-8.2307,0.33789
33.12,0.16606,-6.3435e-12,0.0040874,-8.2347,0.33809
33.16,0.16586,-6.4235e-12,0.004007,-8.2379,0.34417
33.2,0.16566,-6.4619e-12,0.0039558,-8.2483,0.36603
33.24,0.16546,-6.4955e-12,0.0038427,-8.2731,0.37032
33.28,0.16526,-6.4574e-12,0.0037777,-8.2675,0.37213
33.32,0.16507,-6.3341e-12,0.0037094,-8.2685,0.36714
33.36,0.16487,-6.1622e-12,0.0035022,-8.2822,0.36179
33.4,0.16467,-5.9244e-12,0.0034874,-8.289,0.35768
33.44,0.16447,-5.5879e-12,0.0032888,-8.2567,0.31635
33.48,0.16428,-5.2347e-12,0.0032264,-8.2429,0.27684
33.52,0.16408,-4.8495e-12,0.0032659,-8.242,0.28106
33.56,0.16389,-4.4248e-12,0.0033639,-8.2156,0.24317
33.6,0.16369,-4.0828e-12,0.0033631,-8.1876,0.20503
33.64,0.1635,-3.7969e-12,0.0035729,-8.1891,0.23991
33.68,0.1633,-3.5081e-12,0.0036464,-8.204,0.27746
33.72,0.16311,-3.2119e-12,0.0035259,-8.2038,0.25822
33.76,0.16291,-2.9729e-12,0.0035099,-8.2179,0.29755
33.8,0.16272,-2.5845e-12,0.0029124,-8.2598,0.33531
33.84,0.16253,-2.1239e-12,0.0023348,-8.2914,0.33287
33.88,0.16234,-1.6186e-12,0.0016415,-8.3295,0.33339
33.92,0.16215,-1.1396e-12,0.00097467,-8.3641,0.31594
33.96,0.16196,-5.8345e-13,0.00014514,-8.4048,0.31364
34,0.16176,-7.1824e-14,-0.00045586,-8.4548,0.31012
34.04,0.16157,4.2898e-13,-0.00092207,-8.4843,0.30966
34.08,0.16138,8.9233e-13,-0.0012108,-8.5147,0.312
34.12,0.1612,1.3882e-12,-0.0014096,-8.5188,0.313
34.16,0.16101,1.8647e-12,-0.0014294,-8.5297,0.27915
34.2,0.16082,2.35e-12,-0.0011215,-8.5053,0.24798
34.24,0.16063,2.8086e-12,-0.00086341,-8.499,0.21637
34.28,0.16044,3.2355e-12,-0.00060678,-8.476,0.18014
34.32,0.16026,3.6279e-12,-0.0004441,-8.4985,0.21494
34.36,0.16007,3.975e-12,-0.00015299,-8.501,0.25319
34.4,0.15988,4.289e-12,7.5806e-05,-8.5169,0.29095
34.44,0.1597,4.6024e-12,0.00034764,-8.5204,0.33387
34.48,0.15951,4.9234e-12,0.00055809,-8.513,0.33717
34.52,0.15933,5.2292e-12,0.00062429,-8.4922,0.30344
34.56,0.15914,5.5478e-12,0.0010255,-8.4631,0.30467
34.6,0.15896,5.8502e-12,0.001594,-8.4165,0.31163
34.64,0.15878,6.2136e-12,0.00212,-8.3666,0.31152
34.68,0.15859,6.6332e-12,0.0025257,-8.3417,0.34959
34.72,0.15841,7.1075e-12,0.0029275,-8.3206,0.39157
34.76,0.15823,7.5921e-12,0.0030996,-8.3006,0.37424
34.8,0.15805,8.0781e-12,0.0028627,-8.2904,0.35076
34.84,0.15786,8.4314e-12,0.0026776,-8.2927,0.32997
34.88,0.15768,8.6907e-12,0.002717,-8.2776,0.31223
34.92,0.1575,8.8815e-12,0.0032851,-8.2508,0.29221
34.96,0.15732,9.0722e-12,0.0025269,-8.3009,0.30967
35,0.15714,9.2489e-12,0.0022459,-8.3351,0.2953
35.04,0.15696,9.3993e-12,0.0019898,-8.3596,0.30014
35.08,0.15678,9.5358e-12,0.001409,-8.4261,0.32353
35.12,0.15661,9.6202e-12,0.00071867,-8.476,0.34494
35.16,0.15643,9.5236e-12,0.00071347,-8.4919,0.35263
35.2,0.15625,9.2968e-12,0.0006858,-8.5041,0.3886
35.24,0.15607,9.0668e-12,0.00045837,-8.5306,0.392
35.28,0.1559,8.7908e-12,0.00075011,-8.5012,0.37609
35.32,0.15572,8.4218e-12,0.00045825,-8.5233,0.37867
35.36,0.15554,8.1068e-12,0.00052821,-8.5155,0.37506
35.4,0.15537,7.8602e-12,0.00047766,-8.5273,0.37343
35.44,0.15519,7.5775e-12,0.0013495,-8.5066,0.39212
35.48,0.15502,7.33e-12,0.0010375,-8.5002,0.39478
35.52,0.15484,7.2055e-12,0.0017799,-8.4464,0.35038
35.56,0.15467,7.1356e-12,0.0016904,-8.4044,0.30281
35.6,0.15449,7.0705e-12,0.0017905,-8.3914,0.30486
35.64,0.15432,7.0436e-12,0.0011741,-8.3874,0.26245
35.68,0.15415,6.9752e-12,0.0012404,-8.3811,0.2283
35.72,0.15398,6.8734e-12,0.00063603,-8.3925,0.22618
35.76,0.1538,6.6751e-12,0.00080981,-8.4045,0.23139
35.8,0.15363,6.4086e-12,0.00052236,-8.3863,0.18137
35.84,0.15346,6.0811e-12,0.00012089,-8.3816,0.17044
35.88,0.15329,5.6771e-12,-2.1463e-05,-8.3874,0.17272
35.92,0.15312,5.1928e-12,-0.00011889,-8.3951,0.17431
35.96,0.15295,4.7427e-12,-0.00010802,-8.3869,0.17067
36,0.15278,4.307e-12,0.00016859,-8.3893,0.17948
36.04,0.15261,3.9133e-12,0.00057296,-8.3878,0.18056
36.08,0.15244,3.6003e-12,0.00087726,-8.3737,0.17218
36.12,0.15227,3.3065e-12,0.001203,-8.3625,0.16645
36.16,0.1521,2.9825e-12,0.0016627,-8.3605,0.1642
36.2,0.15193,2.6629e-12,0.0019916,-8.3393,0.15474
36.24,0.15177,2.2869e-12,0.0023098,-8.3457,0.15459
36.28,0.1516,1.8694e-12,0.0026388,-8.3686,0.15316
36.32,0.15143,1.5116e-12,0.0027739,-8.4039,0.15382
36.36,0.15127,1.1889e-12,0.0026133,-8.431,0.15231
36.4,0.1511,8.92e-13,0.0024668,-8.4853,0.15514
36.44,0.15093,6.9224e-13,0.0022289,-8.5241,0.15558
36.48,0.15077,6.0125e-13,0.0019386,-8.5465,0.15826
36.52,0.1506,4.7979e-13,0.0016661,-8.5744,0.16184
36.56,0.15044,4.1713e-13,0.0015241,-8.625,0.20079
36.6,0.15027,3.6655e-13,0.0013294,-8.6489,0.2384
36.64,0.15011,2.8151e-13,0.00096494,-8.6694,0.27427
36.68,0.14995,1.3412e-13,0.00070028,-8.658,0.31025
36.72,0.14978,4.5659e-14,0.00045163,-8.6146,0.34218
36.76,0.14962,-7.7024e-14,0.00014641,-8.5409,0.34022
36.8,0.14946,-1.5814e-13,-9.6743e-05,-8.5046,0.33933
36.84,0.14929,-2.2551e-13,-0.00022142,-8.4662,0.33878
36.88,0.14913,-3.24e-13,-0.00034395,-8.4492,0.34114
36.92,0.14897,-4.6218e-13,-0.00041744,-8.4317,0.34025
36.96,0.14881,-6.0543e-13,-0.00042423,-8.4368,0.33965
37,0.14865,-8.1661e-13,-0.00038328,-8.402,0.33638
37.04,0.14849,-1.0036e-12,-0.0003205,-8.3692,0.33706
37.08,0.14833,-1.0531e-12,-0.00026072,-8.3682,0.33871
37.12,0.14817,-1.0329e-12,-0.00023943,-8.3835,0.3397
37.16,0.14801,-9.2129e-13,-0.00029259,-8.3948,0.34043
37.2,0.14785,-7.0495e-13,-0.00035029,-8.4429,0.34438
37.24,0.14769,-4.5587e-13,-0.0003135,-8.5149,0.34238
37.28,0.14753,-3.0083e-13,-0.00027485,-8.524,0.30645
37.32,0.14737,-2.4479e-13,-0.00021613,-8.5352,0.30934
37.36,0.14722,-2.4739e-13,-0.00012617,-8.513,0.275
37.4,0.14706,-3.1219e-13,-3.4782e-05,-8.5015,0.27822
37.44,0.1469,-3.9436e-13,-3.1458e-05,-8.4597,0.30334
37.48,0.14674,-4.2187e-13,-3.7228e-05,-8.4691,0.33765
37.52,0.14659,-3.1818e-13,3.1338e-05,-8.5074,0.33717
37.56,0.14643,-1.5614e-13,0.00011088,-8.5402,0.35966
37.6,0.14628,8.074e-14,0.00018289,-8.5438,0.36128
37.64,0.14612,3.1123e-13,0.00024387,-8.5299,0.30808
37.68,0.14597,5.5982e-13,0.00031915,-8.5295,0.31547
37.72,0.14581,7.9054e-13,0.00031193,-8.4819,0.33415
37.76,0.14566,1.0016e-12,0.00028612,-8.4709,0.36934
37.8,0.1455,1.1761e-12,0.00027549,-8.453,0.36838
37.84,0.14535,1.4224e-12,0.00026765,-8.4645,0.40474
37.88,0.1452,1.7403e-12,0.00025436,-8.4505,0.40085
37.92,0.14504,2.0417e-12,0.00024435,-8.4444,0.38091
37.96,0.14489,2.3506e-12,0.00023685,-8.4415,0.36344
38,0.14474,2.6652e-12,0.00022688,-8.4345,0.36207
38.04,0.14458,2.9186e-12,0.00022416,-8.427,0.35986
38.08,0.14443,3.0249e-12,0.00021983,-8.4342,0.35947
38.12,0.14428,3.1495e-12,0.00021897,-8.4364,0.36058
38.16,0.14413,3.2335e-12,0.00022044,-8.4321,0.35957
38.2,0.14398,3.3322e-12,0.00022299,-8.4427,0.36376
38.24,0.14383,3.429e-12,0.00022058,-8.4486,0.36849
38.28,0.14368,3.5552e-12,0.00022314,-8.4441,0.37095
38.32,0.14353,3.6536e-12,0.00022485,-8.4438,0.37249
38.36,0.14338,3.7759e-12,0.00022977,-8.4376,0.36816
38.4,0.14323,3.8486e-12,0.00023088,-8.4386,0.36394
38.44,0.14308,3.9304e-12,0.00023863,-8.4249,0.35534
38.48,0.14293,4.044e-12,0.00024025,-8.4203,0.34882
38.52,0.14278,4.135e-12,0.00023561,-8.4281,0.34928
38.56,0.14263,4.2363e-12,0.00023148,-8.4363,0.35333
38.6,0.14249,4.3821e-12,0.0002377,-8.4103,0.35491
38.64,0.14234,4.5277e-12,0.00023543,-8.4108,0.36236
38.68,0.14219,4.6479e-12,0.00023861,-8.4035,0.36684
38.72,0.14205,4.8001e-12,0.00024106,-8.4034,0.36735
38.76,0.1419,4.9229e-12,0.00023753,-8.4176,0.37041
38.8,0.14175,5.0419e-12,0.00023605,-8.4267,0.36724
38.84,0.14161,5.1524e-12,0.00023829,-8.4279,0.36451
38.88,0.14146,5.2332e-12,0.00024108,-8.4253,0.32621
38.92,0.14132,5.2852e-12,0.00024487,-8.4196,0.32309
38.96,0.14117,5.3559e-12,0.00025314,-8.4006,0.31725
39,0.14103,5.3637e-12,0.00024933,-8.4156,0.3244
39.04,0.14088,5.3387e-12,0.00024282,-8.4331,0.32846
39.08,0.14074,5.3644e-12,0.00023693,-8.4512,0.36707
39.12,0.14059,5.3781e-12,0.00023426,-8.456,0.37048
39.16,0.14045,5.3628e-12,0.00022972,-8.4652,0.37388
39.2,0.14031,5.3842e-12,0.00023141,-8.4567,0.36872
39.24,0.14016,5.4615e-12,0.00023983,-8.4319,0.36471
39.28,0.14002,5.5658e-12,0.00024299,-8.4179,0.3675
39.32,0.13988,5.7239e-12,0.0002418,-8.4242,0.38829
39.36,0.13974,5.9291e-12,0.0002408,-8.421,0.40876
39.4,0.13959,6.1439e-12,0.00023659,-8.4305,0.42955
39.44,0.13945,6.2655e-12,0.00022931,-8.4488,0.45478
39.48,0.13931,6.3081e-12,0.00022189,-8.4681,0.48051
39.52,0.13917,6.2861e-12,0.00023235,-8.4314,0.41966
39.56,0.13903,6.1875e-12,0.00023247,-8.4367,0.40888
39.6,0.13889,6.0812e-12,0.00023547,-8.4338,0.39025
39.64,0.13875,6.122e-12,0.0002442,-8.4091,0.36036
39.68,0.13861,6.2132e-12,0.0002442,-8.4063,0.36646
39.72,0.13847,6.328e-12,0.00024086,-8.4087,0.39958
39.76,0.13833,6.4893e-12,0.00023736,-8.4151,0.40959
39.8,0.13819,6.6566e-12,0.00023392,-8.4207,0.43365
39.84,0.13805,6.7184e-12,0.00022772,-8.4365,0.45547
39.88,0.13791,6.7707e-12,0.00022961,-8.4359,0.43956
39.92,0.13778,6.7981e-12,0.00022379,-8.4622,0.46617
39.96,0.13764,6.7977e-12,0.00022763,-8.4526,0.46789
40,0.1375,6.7372e-12,0.00022658,-8.4553,0.46351
40.04,0.13736,6.6456e-12,0.00022161,-8.4716,0.47089
40.08,0.13723,6.5164e-12,0.00022314,-8.4698,0.47061
40.12,0.13709,6.4722e-12,0.00022545,-8.4652,0.46929
40.16,0.13695,6.4769e-12,0.00022958,-8.4581,0.46929
40.2,0.13682,6.5588e-12,0.00023648,-8.4473,0.46876
40.24,0.13668,6.6958e-12,0.00023926,-8.4481,0.47313
40.28,0.13654,6.8882e-12,0.0002367,-8.4588,0.48054
40.32,0.13641,6.9827e-12,0.00023399,-8.4702,0.48043
40.36,0.13627,7.0179e-12,0.00023053,-8.4839,0.48076
40.4,0.13614,7.0482e-12,0.00022828,-8.4903,0.48426
40.44,0.136,7.1038e-12,0.00022897,-8.4861,0.48127
40.48,0.13587,7.1323e-12,0.00023022,-8.4804,0.48426
40.52,0.13574,7.1355e-12,0.00022949,-8.4799,0.49401
40.56,0.1356,7.1432e-12,0.0002257,-8.4896,0.50767
40.6,0.13547,7.0774e-12,0.00022512,-8.4928,0.5072
40.64,0.13533,6.9323e-12,0.00022601,-8.4947,0.50914
40.68,0.1352,6.7581e-12,0.00022851,-8.4899,0.5002
40.72,0.13507,6.7311e-12,0.0002303,-8.4864,0.49652
40.76,0.13494,6.7771e-12,0.0002403,-8.4551,0.42615
40.8,0.1348,6.9005e-12,0.00024511,-8.4424,0.40988
40.84,0.13467,7.1012e-12,0.00025453,-8.4191,0.3789
40.88,0.13454,7.3004e-12,0.00026099,-8.4072,0.35612
40.92,0.13441,7.3666e-12,0.00026643,-8.3985,0.33245
40.96,0.13428,7.3477e-12,0.0002599,-8.4219,0.36975
41,0.13415,7.2872e-12,0.00025868,-8.4235,0.36197
41.04,0.13402,7.1849e-12,0.00025286,-8.4335,0.36711
41.08,0.13389,7.0958e-12,0.00024696,-8.4429,0.37296
41.12,0.13375,7.0453e-12,0.00024285,-8.4498,0.37353
41.16,0.13362,7.0375e-12,0.00025027,-8.4291,0.36908
41.2,0.1335,7.0397e-12,0.00025065,-8.4286,0.37121
41.24,0.13337,7.0856e-12,0.00025165,-8.4277,0.36879
41.28,0.13324,7.1795e-12,0.00025708,-8.4101,0.36017
41.32,0.13311,7.2909e-12,0.00025906,-8.4037,0.35658
41.36,0.13298,7.3874e-12,0.00025881,-8.4029,0.3688
41.4,0.13285,7.5064e-12,0.00026099,-8.3876,0.36278
41.44,0.13272,7.5127e-12,0.00026468,-8.3767,0.36316
41.48,0.13259,7.4996e-12,0.00026284,-8.3851,0.36705
41.52,0.13247,7.52e-12,0.00026465,-8.3778,0.36573
41.56,0.13234,7.5998e-12,0.0002601,-8.3844,0.35098
41.6,0.13221,7.6543e-12,0.00025879,-8.3902,0.3532
41.64,0.13208,7.8801e-12,0.00025508,-8.3987,0.35087
41.68,0.13196,8.157e-12,0.0002519,-8.4045,0.35051
41.72,0.13183,8.4157e-12,0.00025111,-8.4073,0.35
41.76,0.1317,8.6001e-12,0.00024753,-8.4148,0.35608
41.8,0.13158,8.8186e-12,0.00024417,-8.4168,0.35588
41.84,0.13145,8.9521e-12,0.00024383,-8.4101,0.35889
41.88,0.13133,8.9941e-12,0.0002426,-8.4058,0.36251
41.92,0.1312,9.0091e-12,0.00023972,-8.406,0.36866
41.96,0.13108,9.1058e-12,0.00024573,-8.3871,0.37101
42,0.13095,9.1629e-12,0.00024646,-8.387,0.37023
42.04,0.13083,9.2095e-12,0.00024366,-8.3939,0.37351
42.08,0.1307,9.2786e-12,0.00024349,-8.3973,0.37546
42.12,0.13058,9.3384e-12,0.00024434,-8.3944,0.37432
42.16,0.13046,9.3528e-12,0.00024199,-8.4005,0.37332
42.2,0.13033,9.4384e-12,0.00024398,-8.3951,0.37676
42.24,0.13021,9.5408e-12,0.00024023,-8.405,0.37445
42.28,0.13009,9.6518e-12,0.00023774,-8.4083,0.37422
42.32,0.12996,9.7651e-12,0.00023228,-8.4177,0.39481
42.36,0.12984,9.8365e-12,0.00022983,-8.4244,0.3956
42.4,0.12972,9.7696e-12,0.00022735,-8.4326,0.39703
42.44,0.12959,9.606e-12,0.00022876,-8.4257,0.39275
42.48,0.12947,9.4305e-12,0.00023142,-8.4228,0.38661
42.52,0.12935,9.2655e-12,0.00023325,-8.4216,0.36447
42.56,0.12923,9.0801e-12,0.0002345,-8.4139,0.36206
42.6,0.12911,8.9506e-12,0.00023872,-8.3961,0.33683
42.64,0.12899,8.8769e-12,0.00024285,-8.3801,0.32135
42.68,0.12887,8.7367e-12,0.00024674,-8.3598,0.30648
42.72,0.12875,8.5619e-12,0.00024396,-8.3594,0.30273
42.76,0.12862,8.4483e-12,0.00023174,-8.3928,0.32023
42.8,0.1285,8.3283e-12,0.00022379,-8.4153,0.34127
42.84,0.12838,8.2696e-12,0.00021768,-8.4311,0.35799
42.88,0.12826,8.3471e-12,0.00019415,-8.4863,0.39461
42.92,0.12815,8.4508e-12,0.00019147,-8.4934,0.39535
42.96,0.12803,8.506e-12,0.00020441,-8.4492,0.33559
43,0.12791,8.5497e-12,0.00020233,-8.4529,0.33757
43.04,0.12779,8.5036e-12,0.00019234,-8.4738,0.3512
43.08,0.12767,8.3582e-12,0.00019838,-8.4672,0.34091
43.12,0.12755,8.237e-12,0.00019293,-8.4813,0.35345
43.16,0.12743,8.1892e-12,0.00017566,-8.5303,0.41774
43.2,0.12731,8.2103e-12,0.00017093,-8.5401,0.41994
43.24,0.1272,8.3134e-12,0.00018134,-8.5157,0.40915
43.28,0.12708,8.4137e-12,0.00018841,-8.5052,0.40232
43.32,0.12696,8.4631e-12,0.00019767,-8.4875,0.39204
43.36,0.12685,8.4492e-12,0.00020977,-8.4646,0.37341
43.4,0.12673,8.4395e-12,0.00020066,-8.4899,0.40031
43.44,0.12661,8.4403e-12,0.00020291,-8.4865,0.39513
43.48,0.12649,8.5816e-12,0.00020824,-8.4709,0.3941
43.52,0.12638,8.8034e-12,0.00020738,-8.4766,0.39632
43.56,0.12626,9.1197e-12,0.00020546,-8.4826,0.40329
43.6,0.12615,9.4159e-12,0.00022966,-8.4176,0.3359
43.64,0.12603,9.6816e-12,0.00023444,-8.4067,0.30312
43.68,0.12592,9.8971e-12,0.0002361,-8.394,0.26513
43.72,0.1258,1.0118e-11,0.00023905,-8.3779,0.24574
43.76,0.12569,1.0312e-11,0.00023927,-8.3761,0.23555
43.8,0.12557,1.055e-11,0.00023206,-8.3938,0.23837
43.84,0.12546,1.0898e-11,0.00022714,-8.4044,0.24089
43.88,0.12534,1.1221e-11,0.00022575,-8.413,0.28627
43.92,0.12523,1.1563e-11,0.00022318,-8.417,0.26565
43.96,0.12511,1.1881e-11,0.00021591,-8.4254,0.23038
44,0.125,1.2182e-11,0.00020314,-8.46,0.23986
44.04,0.12489,1.2401e-11,0.00019448,-8.4768,0.24507
44.08,0.12477,1.2664e-11,0.00017955,-8.5146,0.20901
44.12,0.12466,1.2916e-11,0.0001743,-8.534,0.25607
44.16,0.12455,1.3213e-11,0.00018668,-8.5194,0.2772
44.2,0.12443,1.3483e-11,0.00020975,-8.4624,0.26655
44.24,0.12432,1.3773e-11,0.00022555,-8.4344,0.29755
44.28,0.12421,1.4034e-11,0.00024937,-8.3706,0.30752
44.32,0.1241,1.4307e-11,0.00026341,-8.3488,0.29933
44.36,0.12399,1.4493e-11,0.00030207,-8.3549,0.3176
44.4,0.12387,1.4656e-11,0.00043733,-8.3727,0.35281
44.44,0.12376,1.467e-11,0.00064529,-8.3596,0.34383
44.48,0.12365,1.4532e-11,0.00089065,-8.3576,0.36556
44.52,0.12354,1.4233e-11,0.0011195,-8.3401,0.35927
44.56,0.12343,1.3938e-11,0.001361,-8.3115,0.35225
44.6,0.12332,1.3685e-11,0.0014681,-8.3097,0.35548
44.64,0.12321,1.357e-11,0.0014938,-8.2919,0.31952
44.68,0.1231,1.3558e-11,0.0014538,-8.304,0.32051
44.72,0.12299,1.3613e-11,0.0015057,-8.3092,0.32645
44.76,0.12288,1.3615e-11,0.0014691,-8.302,0.2864
44.8,0.12277,1.3505e-11,0.0014374,-8.2724,0.24424
44.84,0.12266,1.3319e-11,0.0013904,-8.321,0.28885
44.88,0.12255,1.3155e-11,0.0014171,-8.3314,0.28237
44.92,0.12244,1.3028e-11,0.0013767,-8.3398,0.28429
44.96,0.12233,1.2958e-11,0.0014955,-8.3325,0.32015
45,0.12222,1.2952e-11,0.0016356,-8.3463,0.35296
45.04,0.12211,1.2913e-11,0.00176,-8.3318,0.35083
45.08,0.12201,1.2874e-11,0.0018448,-8.3239,0.34946
45.12,0.1219,1.2803e-11,0.0019231,-8.3136,0.34137
45.16,0.12179,1.2794e-11,0.001879,-8.3319,0.34375
45.2,0.12168,1.2803e-11,0.0018434,-8.3479,0.34816
45.24,0.12157,1.2891e-11,0.0018987,-8.3348,0.30439
45.28,0.12147,1.2915e-11,0.0021428,-8.3133,0.26272
45.32,0.12136,1.2961e-11,0.0025418,-8.298,0.26331
45.36,0.12125,1.2986e-11,0.0029976,-8.2541,0.24209
45.4,0.12115,1.3018e-11,0.0034762,-8.2382,0.24072
45.44,0.12104,1.3062e-11,0.0038572,-8.2288,0.27968
45.48,0.12093,1.3174e-11,0.00401,-8.2366,0.31954
45.52,0.12083,1.3243e-11,0.0037172,-8.2769,0.32769
45.56,0.12072,1.3334e-11,0.0036555,-8.2993,0.35067
45.6,0.12061,1.346e-11,0.0032662,-8.3191,0.36228
45.64,0.12051,1.363e-11,0.0028284,-8.3214,0.32329
45.68,0.1204,1.3769e-11,0.0026345,-8.3238,0.32538
45.72,0.1203,1.3913e-11,0.0027139,-8.2925,0.32103
45.76,0.12019,1.4005e-11,0.0026467,-8.276,0.27654
45.8,0.12009,1.4023e-11,0.0029871,-8.2778,0.27071
45.84,0.11998,1.3926e-11,0.0034749,-8.3015,0.31241
45.88,0.11988,1.3827e-11,0.0038231,-8.2684,0.26849
45.92,0.11977,1.3767e-11,0.0041268,-8.267,0.27708
45.96,0.11967,1.366e-11,0.0040556,-8.3269,0.33806
46,0.11957,1.3599e-11,0.0037342,-8.3471,0.34848
46.04,0.11946,1.3562e-11,0.0035188,-8.3347,0.35208
46.08,0.11936,1.3545e-11,0.0034205,-8.3687,0.39679
46.12,0.11925,1.3515e-11,0.0031829,-8.3807,0.38708
46.16,0.11915,1.3537e-11,0.003229,-8.3694,0.37895
46.2,0.11905,1.3462e-11,0.0036237,-8.3233,0.3682
46.24,0.11894,1.3396e-11,0.0038343,-8.2889,0.32056
46.28,0.11884,1.3315e-11,0.0037819,-8.2719,0.2778
46.32,0.11874,1.3209e-11,0.0039462,-8.2401,0.23396
46.36,0.11864,1.3039e-11,0.0039347,-8.2181,0.18204
46.4,0.11853,1.2872e-11,0.0037978,-8.2128,0.13556
46.44,0.11843,1.2621e-11,0.0036699,-8.2277,0.13415
46.48,0.11833,1.2295e-11,0.003603,-8.241,0.13583
46.52,0.11823,1.1961e-11,0.0036898,-8.2536,0.1793
46.56,0.11813,1.1639e-11,0.0038393,-8.2585,0.22062
46.6,0.11803,1.1348e-11,0.0038584,-8.2864,0.26808
46.64,0.11792,1.1161e-11,0.0038762,-8.3265,0.31609
46.68,0.11782,1.1067e-11,0.0038976,-8.3561,0.36295
46.72,0.11772,1.0969e-11,0.0038368,-8.3885,0.36549
46.76,0.11762,1.0903e-11,0.0041289,-8.3896,0.37098
46.8,0.11752,1.0856e-11,0.004267,-8.3833,0.36951
46.84,0.11742,1.0749e-11,0.0042325,-8.3822,0.37798
46.88,0.11732,1.0549e-11,0.0045445,-8.3719,0.38067
46.92,0.11722,1.0345e-11,0.0046623,-8.3551,0.37848
46.96,0.11712,1.0098e-11,0.0045187,-8.3497,0.37778
47,0.11702,9.7836e-12,0.0047135,-8.348,0.37061
47.04,0.11692,9.4482e-12,0.0049297,-8.3337,0.35899
47.08,0.11682,9.1609e-12,0.0047819,-8.337,0.35255
47.12,0.11672,8.8353e-12,0.0047086,-8.3518,0.36
47.16,0.11662,8.5084e-12,0.0046916,-8.3487,0.36219
47.2,0.11653,8.3091e-12,0.0045256,-8.3504,0.36858
47.24,0.11643,8.1399e-12,0.0044521,-8.3607,0.37063
47.28,0.11633,7.9697e-12,0.0043758,-8.3659,0.36802
47.32,0.11623,7.8891e-12,0.0044072,-8.3544,0.36268
47.36,0.11613,7.8355e-12,0.0043901,-8.3608,0.35344
47.4,0.11603,7.658e-12,0.0046237,-8.368,0.35314
47.44,0.11594,7.498e-12,0.0047348,-8.3563,0.3505
47.48,0.11584,7.3361e-12,0.0050704,-8.3456,0.35608
47.52,0.11574,7.1161e-12,0.0050995,-8.3273,0.31659
47.56,0.11564,6.8942e-12,0.005085,-8.3215,0.2826
47.6,0.11555,6.7309e-12,0.0049689,-8.2854,0.23904
47.64,0.11545,6.5951e-12,0.0049745,-8.2575,0.19684
47.68,0.11535,6.4933e-12,0.004899,-8.2229,0.1558
47.72,0.11526,6.3965e-12,0.0049303,-8.2149,0.15474
47.76,0.11516,6.3029e-12,0.0051736,-8.1818,0.15351
47.8,0.11506,6.2357e-12,0.0048186,-8.2066,0.16493
47.84,0.11497,6.104e-12,0.0047943,-8.2574,0.21865
47.88,0.11487,5.9577e-12,0.0045792,-8.3186,0.26482
47.92,0.11477,5.8209e-12,0.0046401,-8.3454,0.30787
47.96,0.11468,5.671e-12,0.0041573,-8.4085,0.35559
48,0.11458,5.4487e-12,0.0038742,-8.4381,0.38464
48.04,0.11449,5.2506e-12,0.0037202,-8.4244,0.38273
48.08,0.11439,4.9857e-12,0.0034709,-8.3981,0.35628
48.12,0.1143,4.7807e-12,0.0031337,-8.4141,0.3532
48.16,0.1142,4.6699e-12,0.0032144,-8.3978,0.34591
48.2,0.11411,4.6373e-12,0.0037492,-8.3739,0.34646
48.24,0.11401,4.6536e-12,0.0038876,-8.3647,0.33886
48.28,0.11392,4.763e-12,0.0041034,-8.3563,0.34973
48.32,0.11382,4.7956e-12,0.0041583,-8.3509,0.33386
48.36,0.11373,4.723e-12,0.0042287,-8.3502,0.3233
48.4,0.11364,4.6488e-12,0.0041882,-8.3628,0.33596
48.44,0.11354,4.5056e-12,0.0041091,-8.3711,0.33392
48.48,0.11345,4.334e-12,0.0042155,-8.3765,0.34365
48.52,0.11336,4.2162e-12,0.0043448,-8.3524,0.3418
48.56,0.11326,4.1289e-12,0.0043027,-8.3379,0.31511
48.6,0.11317,4.0204e-12,0.0042276,-8.3314,0.30525
48.64,0.11308,3.9354e-12,0.0040805,-8.306,0.28473
48.68,0.11298,3.8254e-12,0.003907,-8.3106,0.27825
48.72,0.11289,3.6502e-12,0.0035799,-8.3277,0.29393
48.76,0.1128,3.5024e-12,0.0035071,-8.3513,0.32967
48.8,0.1127,3.3997e-12,0.0032689,-8.3516,0.32767
48.84,0.11261,3.4068e-12,0.0032163,-8.3744,0.35163
48.88,0.11252,3.4836e-12,0.0030173,-8.3731,0.35341
48.92,0.11243,3.6263e-12,0.0030551,-8.368,0.35041
48.96,0.11234,3.7652e-12,0.0029674,-8.3454,0.3518
49,0.11224,3.8431e-12,0.0028931,-8.3408,0.35324
49.04,0.11215,3.7736e-12,0.0025855,-8.3089,0.32962
49.08,0.11206,3.6873e-12,0.0024926,-8.3064,0.3279
49.12,0.11197,3.6451e-12,0.0021317,-8.3178,0.3315
49.16,0.11188,3.6183e-12,0.0018566,-8.3496,0.33529
49.2,0.11179,3.5852e-12,0.0015821,-8.3639,0.33065
49.24,0.1117,3.6301e-12,0.0014869,-8.3946,0.31691
49.28,0.11161,3.7144e-12,0.0011935,-8.4101,0.31937
49.32,0.11152,3.7764e-12,0.0015498,-8.3956,0.28579
49.36,0.11143,3.8458e-12,0.0011833,-8.3935,0.27702
49.4,0.11134,3.9688e-12,0.0010866,-8.4012,0.27798
49.44,0.11125,4.03e-12,0.00065671,-8.407,0.29068
49.48,0.11116,3.9634e-12,0.00064486,-8.405,0.28697
49.52,0.11107,3.8511e-12,0.00055808,-8.4283,0.32139
49.56,0.11098,3.6554e-12,0.00095134,-8.4161,0.307
49.6,0.11089,3.4589e-12,0.0012688,-8.4254,0.31579
49.64,0.1108,3.4002e-12,0.0020752,-8.3954,0.32159
49.68,0.11071,3.4434e-12,0.002368,-8.3936,0.31059
49.72,0.11062,3.4834e-12,0.0023119,-8.3805,0.30829
49.76,0.11053,3.5836e-12,0.0022716,-8.3732,0.28822
49.8,0.11044,3.6476e-12,0.001932,-8.3711,0.28263
49.84,0.11035,3.5851e-12,0.0016318,-8.4203,0.29982
49.88,0.11026,3.5498e-12,0.0016016,-8.4301,0.31502
49.92,0.11018,3.4887e-12,0.0014267,-8.4768,0.35561
49.96,0.11009,3.5881e-12,0.0021268,-8.4538,0.35649
